Year,TechID,Value
2012,25,405.57
2012,40,154185.91
2012,80,458329.97000000003
2012,140,694126.4400000001
2012,161,519.75
2012,191,286.91999999999996
2012,200,274760.16
2012,260,301154.13
2012,265,555481.4400000001
2012,276,31.09
2012,320,31157.86
2012,363,202569.5
2012,400,4809.08
2012,461,7788.98
2012,471,2252.3500000000004
2012,515,162.69
2012,611,14.51
2012,620,9046.38
2012,631,32.51
2012,641,0.17
2012,670,6242.120000000001
2012,690,26.95
2012,730,44.51
2012,811,0.01
2012,857,0.38
2012,865,13.02
2012,890,4474.85
2012,981,4.14
2012,991,2.9299999999999997
2012,1131,0.76
2012,1142,3.4299999999999997
2012,1151,3.02
2012,1153,264.07
2012,1167,0.05
2012,1180,0.01
2012,1220,79034.38
2012,1221,7.45
2012,1301,5.6499999999999995
2012,1365,34.5
2012,1461,3.16
2012,1471,66646.07
2012,1510,29
2012,1530,12034.54
2012,1592,1.6500000000000001
2012,1612,0
2012,1613,289.84000000000003
2012,1640,504.21999999999997
2012,1675,6048.54
2012,1680,12598.720000000001
2012,1685,36.98
2012,2030,31.5
2012,2110,107.66999999999999
2012,2120,65.32
2012,2130,21.43
2012,2140,3.34
2012,2240,5.109999999999999
2012,2250,13.08
2012,3020,5.92
2012,3040,2.9299999999999997
2012,4010,2.67
2012,4060,15.31
2012,4070,5.930000000000001
2012,4140,15.59
2012,4150,1.98
2012,4220,0.96
2012,4230,0.2
2012,5004,147.13
2012,5025,29.919999999999998
2012,5033,29.22
2012,5052,0.03
2012,5080,86.97
2012,5204,115.82
2012,5225,23.55
2012,5233,23
2012,5252,0.02
2012,5280,22.99
2012,5404,30.610000000000003
2012,5425,6.22
2012,5433,6.08
2012,5452,0.01
2012,5480,12.33
2012,5604,16.43
2012,5625,3.34
2012,5633,3.2600000000000002
2012,5652,0
2012,5680,52.57
2012,5804,70.02
2012,5825,14.239999999999998
2012,5833,13.91
2012,5852,0.01
2012,5880,6.18
2013,25,252.79
2013,40,77446.34
2013,80,389830.72000000003
2013,91,0
2013,140,506661
2013,161,11910.210000000001
2013,191,3609.02
2013,200,282619.81
2013,260,284318.25
2013,265,554679.13
2013,276,2839.05
2013,320,42038.8
2013,363,221858
2013,400,8395.49
2013,461,11502.349999999999
2013,471,3586.3100000000004
2013,515,3909.4900000000002
2013,611,270.19
2013,620,13531.2
2013,631,415.5
2013,641,778.39
2013,670,203.64
2013,690,6696.49
2013,730,28.38
2013,811,7.59
2013,857,48.59
2013,865,477.39
2013,890,5262.04
2013,981,3.9899999999999998
2013,991,2.84
2013,1110,0
2013,1131,1.1700000000000002
2013,1142,3.3299999999999996
2013,1151,1.48
2013,1153,332.04
2013,1167,0.08
2013,1180,0.02
2013,1220,154505.78
2013,1365,722.56
2013,1471,7811.41
2013,1530,15615.32
2013,1640,26248.53
2013,2030,31.51
2013,2110,149.17
2013,2120,23.88
2013,2130,16.82
2013,2140,7.96
2013,2240,0.62
2013,2250,17.58
2013,2320,3.25
2013,3020,14.229999999999999
2013,3040,6.74
2013,4060,1.12
2013,4140,3.21
2013,4230,1.07
2013,5004,3612.71
2013,5016,57332.28999999999
2013,5080,171.17
2013,5204,3519.6
2013,5216,44450.05
2013,5280,141.79
2013,5416,12647.47
2013,5480,69.03
2013,5616,6768.5
2013,5680,54.379999999999995
2013,5804,3310.42
2013,5816,25730.109999999997
2013,5880,44.14
2014,25,750.91
2014,40,194030.53
2014,80,391677.81
2014,91,8.96
2014,140,516824.66
2014,161,16345.83
2014,191,5567.38
2014,200,290912.06
2014,260,267307.75
2014,265,557482.63
2014,276,3424.19
2014,320,51444.810000000005
2014,363,213746.81
2014,400,10552.859999999999
2014,461,13599.1
2014,471,4386.84
2014,515,3683.2
2014,611,359.04
2014,620,18283.86
2014,631,621.3
2014,641,898.63
2014,670,139.49
2014,690,4617.46
2014,730,19.72
2014,811,5.28
2014,857,35.660000000000004
2014,865,330.83
2014,890,3661.6
2014,981,2.96
2014,991,1.94
2014,1131,0.81
2014,1142,2.32
2014,1151,0.8500000000000001
2014,1153,223.93
2014,1167,0.06
2014,1180,0.01
2014,1220,162647.36
2014,1365,821.65
2014,1471,8204.01
2014,1530,16442.18
2014,1640,27638.43
2014,2030,31.51
2014,2110,147.26
2014,2120,25.779999999999998
2014,2130,17.27
2014,2140,7.51
2014,2240,0.73
2014,2250,17.479999999999997
2014,2320,3.25
2014,3020,14.83
2014,3040,7.02
2014,4010,1.7
2014,4060,1.8800000000000001
2014,4070,15.07
2014,4140,5.39
2014,4150,29.979999999999997
2014,4220,9.239999999999998
2014,4230,1.8
2014,5004,3792.19
2014,5016,60359.08
2014,5080,201.10999999999999
2014,5204,3698.9900000000002
2014,5216,46796.840000000004
2014,5280,163.2
2014,5416,13310.11
2014,5480,79.75
2014,5616,7122.81
2014,5680,61.349999999999994
2014,5804,3487.2
2014,5816,27086.95
2014,5880,50.620000000000005
2015,25,562.2
2015,40,138939.02
2015,50,0
2015,81,375129.83999999997
2015,92,6384.55
2015,162,26631.109999999997
2015,171,427111.75
2015,192,6979.78
2015,245,242248.7
2015,251,296742.06
2015,266,596004.31
2015,321,150847.23
2015,364,5579.84
2015,366,267359.19
2015,401,35159.05
2015,462,45916.01
2015,472,21714.14
2015,612,1032.22
2015,621,82881.7
2015,632,1821.48
2015,642,2995.34
2015,670,31.79
2015,690,446.40999999999997
2015,695,637.51
2015,730,1.73
2015,731,9.6
2015,750,4.39
2015,811,0.5
2015,812,0.27
2015,857,3.4499999999999997
2015,858,1.22
2015,865,32.4
2015,866,40.52
2015,890,346.6
2015,981,0.29000000000000004
2015,982,1.1400000000000001
2015,991,0.17
2015,1121,493.36
2015,1131,0.16
2015,1142,0.22
2015,1143,1.72
2015,1151,0.07
2015,1153,21.04
2015,1155,0.39
2015,1167,0.01
2015,1171,32.6
2015,1180,0
2015,1181,0.05
2015,1220,70063.75
2015,1221,1888
2015,1222,10005.96
2015,1280,1247.43
2015,1365,280.71999999999997
2015,1464,82845.92
2015,1471,3537.09
2015,1472,4349.160000000001
2015,1530,6133.96
2015,1603,180.81
2015,1615,10371.16
2015,1640,11736.16
2015,1690,16312.01
2015,1702,6462.49
2015,2030,13.57
2015,2050,17.93
2015,2110,61.01
2015,2120,11.84
2015,2130,7.319999999999999
2015,2140,2.88
2015,2150,18.04
2015,2160,82.16
2015,2170,10.7
2015,2180,3.88
2015,2240,0.36
2015,2250,7.21
2015,2270,9.99
2015,2300,0.64
2015,2320,1.27
2015,2330,1.98
2015,3020,15.48
2015,3040,7.33
2015,4010,1.6500000000000001
2015,4060,0.46
2015,4070,4.99
2015,4090,0.73
2015,4100,9.65
2015,4140,1.35
2015,4150,11.209999999999999
2015,4170,2.06
2015,4190,18.18
2015,4220,3.67
2015,4230,0.47000000000000003
2015,4250,5.39
2015,4270,0.6699999999999999
2015,5004,1783.6499999999999
2015,5005,2018.49
2015,5016,28473.109999999997
2015,5017,30612.41
2015,5025,662.12
2015,5026,1329.28
2015,5080,77.84
2015,5081,349.5
2015,5204,1704.99
2015,5205,1967.1799999999998
2015,5216,21605.91
2015,5217,24076.7
2015,5225,544.21
2015,5226,1148.52
2015,5280,60.53
2015,5281,301.98999999999995
2015,5416,6031.84
2015,5417,6832.17
2015,5425,195.98000000000002
2015,5426,386.32
2015,5480,27.67
2015,5481,114.39
2015,5616,3083.11
2015,5617,3706.8900000000003
2015,5625,132.93
2015,5626,267.86
2015,5680,19.310000000000002
2015,5681,80.57
2015,5804,1655.1299999999999
2015,5805,1782.3
2015,5816,12848.09
2015,5817,13848.640000000001
2015,5825,253.47
2015,5826,551.01
2015,5880,20.259999999999998
2015,5881,119.86999999999999
2016,25,537.88
2016,40,133123.44999999998
2016,50,0
2016,81,344065.38
2016,92,5497.34
2016,162,24687.45
2016,171,384528.59
2016,192,6305.04
2016,245,226673.37999999998
2016,251,258763.13
2016,266,535750.81
2016,321,144992.78
2016,364,5353.94
2016,366,229169.81
2016,401,34282.37
2016,462,50268.13
2016,472,26040.16
2016,612,1241.3
2016,621,81737.8
2016,632,2194.51
2016,642,2849.53
2016,1222,16957.85
2016,1280,1871.8899999999999
2016,1302,924.91
2016,1464,139849.94
2016,1472,7343.45
2016,1592,16.97
2016,1603,226.01
2016,1615,15746.66
2016,1680,48.93
2016,1690,26828.809999999998
2016,1702,6451.429999999999
2016,2050,31.51
2016,2150,31.89
2016,2160,141.16
2016,2170,18.32
2016,2180,6.46
2016,2270,17.06
2016,2300,1.1400000000000001
2016,2330,3.25
2016,3020,16.150000000000002
2016,3040,7.6499999999999995
2016,4010,1.62
2016,4090,0.96
2016,4100,14.38
2016,4170,2.75
2016,4190,28.99
2016,4250,8.93
2016,4270,0.92
2016,5005,3665.75
2016,5017,55729.2
2016,5026,2430.17
2016,5034,181.43
2016,5081,574.6700000000001
2016,5205,3511.46
2016,5217,43039.21
2016,5226,2063.42
2016,5234,165.5
2016,5281,485.14000000000004
2016,5417,12079.859999999999
2016,5426,686.51
2016,5434,80.75
2016,5481,174.20999999999998
2016,5617,6361.85
2016,5626,462.35
2016,5634,44.87
2016,5681,117.36
2016,5805,3253.23
2016,5817,25264.3
2016,5826,1009.52
2016,5834,51
2016,5881,203.82000000000002
2017,25,421.25
2017,40,103873.35
2017,50,0
2017,81,397189.22000000003
2017,92,450.92999999999995
2017,162,9135.849999999999
2017,171,443042.59
2017,192,2855.42
2017,245,261822.44999999998
2017,251,221154.34
2017,266,466496.33999999997
2017,321,121252.23
2017,364,5790.54
2017,366,184787.91
2017,401,35759.21
2017,462,40145.11
2017,472,21324.9
2017,612,453.12
2017,621,72204.28
2017,632,977.73
2017,642,3563.96
2017,670,83.66999999999999
2017,695,2960.63
2017,731,157.43
2017,750,69.77
2017,812,4.23
2017,858,17.51
2017,866,492.1
2017,982,17.150000000000002
2017,1121,2400.4100000000003
2017,1131,0.44
2017,1143,15.32
2017,1155,5.85
2017,1167,0.03
2017,1171,154.51
2017,1181,0.65
2017,1222,15755.710000000001
2017,1280,3428.2799999999997
2017,1302,1677.47
2017,1464,129163.2
2017,1472,6767.67
2017,1592,16.24
2017,1603,229.64
2017,1615,14771.08
2017,1680,47.260000000000005
2017,1690,25195.460000000003
2017,1702,8634.58
2017,2050,31.51
2017,2150,31.74
2017,2160,141.3
2017,2170,18.310000000000002
2017,2180,6.470000000000001
2017,2270,17.07
2017,2300,1.1300000000000001
2017,2330,3.25
2017,3020,16.8
2017,3040,7.96
2017,4010,1.28
2017,4090,1.09
2017,4100,11.350000000000001
2017,4170,3.14
2017,4190,24.19
2017,4250,7.45
2017,4270,1.05
2017,5005,3387.25
2017,5017,51646.5
2017,5026,2261.3300000000004
2017,5034,356.61
2017,5081,1122.61
2017,5205,3241.73
2017,5217,39801.65
2017,5226,1917.62
2017,5234,319.88
2017,5281,987
2017,5417,11159.06
2017,5426,637.3299999999999
2017,5434,147.34
2017,5481,285.48999999999995
2017,5617,5873.96
2017,5626,429.48999999999995
2017,5634,80.21000000000001
2017,5681,177.78
2017,5805,3017.2
2017,5817,23415.95
2017,5826,939.8199999999999
2017,5834,108.4
2017,5881,488.83
2018,25,511.12
2018,40,125783.90999999999
2018,50,0
2018,81,478385.94
2018,92,259.98999999999995
2018,162,5444.57
2018,171,546092.63
2018,192,2231
2018,245,363392.63
2018,251,183416.28
2018,266,467117.69
2018,321,152606.31
2018,364,3455.14
2018,366,133926.88999999998
2018,401,44891.41
2018,462,37866.61
2018,472,18058.79
2018,612,275.47999999999996
2018,621,91986.16
2018,632,627.7700000000001
2018,642,1709
2018,670,29.32
2018,695,1035.1399999999999
2018,731,78.13
2018,750,34.55
2018,812,2.08
2018,858,8.03
2018,866,196.88000000000002
2018,982,7.96
2018,1121,846.59
2018,1131,0.16
2018,1143,5.42
2018,1155,2.8099999999999996
2018,1167,0.01
2018,1171,53.98
2018,1181,0.26
2018,1222,16073.7
2018,1280,2925.69
2018,1302,1343.92
2018,1464,131008.38
2018,1472,6851.1500000000005
2018,1592,17.79
2018,1603,186.22
2018,1615,14948.05
2018,1680,49.949999999999996
2018,1690,25419.86
2018,1702,6851.17
2018,2050,31.51
2018,2150,31.9
2018,2160,141.15
2018,2170,18.35
2018,2180,6.430000000000001
2018,2270,17.06
2018,2300,1.1400000000000001
2018,2330,3.25
2018,3020,17.38
2018,3040,8.229999999999999
2018,4010,1.74
2018,4090,1.26
2018,4100,15.48
2018,4170,3.62
2018,4190,32.949999999999996
2018,4250,10.15
2018,4270,1.21
2018,5005,3425.14
2018,5017,52367.89
2018,5026,2302.86
2018,5034,271.24
2018,5081,935.91
2018,5205,3281.3500000000004
2018,5217,40354.340000000004
2018,5226,1954.24
2018,5234,253.72
2018,5281,840.4599999999999
2018,5417,11331.859999999999
2018,5426,650.4499999999999
2018,5434,108.85
2018,5481,248.08
2018,5617,5961.360000000001
2018,5626,438.52
2018,5634,59.120000000000005
2018,5681,161.47
2018,5805,3055.7
2018,5817,23701.629999999997
2018,5826,955.72
2018,5834,97.2
2018,5881,411.56
2019,25,538.22
2019,40,131611.22
2019,50,0
2019,81,488899.31
2019,92,278.58
2019,162,6095.22
2019,171,556351.69
2019,192,2437.23
2019,245,392682.16
2019,251,154668.13
2019,266,436218.31
2019,321,159536.53
2019,364,4114.57
2019,366,104455.8
2019,401,40758.01
2019,462,38022.219999999994
2019,472,16183.76
2019,612,304.88
2019,621,101237.27
2019,632,668.61
2019,642,1979.28
2019,670,136.59
2019,695,4773.51
2019,731,438.13
2019,750,195.82000000000002
2019,812,11.43
2019,858,40.33
2019,866,915.8299999999999
2019,982,39.71
2019,1121,3858.88
2019,1131,0.7
2019,1134,0
2019,1143,24.830000000000002
2019,1155,16.38
2019,1167,0.05
2019,1170,0
2019,1171,247.93
2019,1181,1.1900000000000002
2019,1222,15005.98
2019,1280,2731.3100000000004
2019,1302,1364.72
2019,1464,121541.63
2019,1472,6339.75
2019,1592,17.56
2019,1603,200.84
2019,1615,13859.1
2019,1680,49.83
2019,1690,23613.7
2019,1702,8208.57
2019,2050,31.51
2019,2150,31.27
2019,2160,141.76999999999998
2019,2170,18.259999999999998
2019,2180,6.52
2019,2270,17.110000000000003
2019,2300,1.09
2019,2330,3.25
2019,3020,17.830000000000002
2019,3040,8.44
2019,4010,1.73
2019,4090,1.44
2019,4100,15.370000000000001
2019,4170,4.13
2019,4190,32.879999999999995
2019,4250,10.129999999999999
2019,4270,1.3800000000000001
2019,5005,3171.86
2019,5017,48645.7
2019,5026,2147.44
2019,5034,275.52
2019,5081,856.8499999999999
2019,5205,3043.65
2019,5217,37497.810000000005
2019,5226,1824.55
2019,5234,258.64000000000004
2019,5281,748.72
2019,5417,10507.89
2019,5426,606.02
2019,5434,109.9
2019,5481,240.36
2019,5617,5523.95
2019,5626,408.8
2019,5634,59.71
2019,5681,158.5
2019,5805,2843.4
2019,5817,22040.129999999997
2019,5826,892.65
2019,5834,100
2019,5881,344.2
2020,25,239.51
2020,26,117.39
2020,40,133326.94999999998
2020,50,0
2020,82,404085
2020,93,1855.2
2020,163,20998.39
2020,172,371221.5
2020,193,10583.62
2020,201,302068.56
2020,252,136225.08
2020,267,407581.09
2020,322,301300.03
2020,367,105277.93999999999
2020,375,14215.6
2020,402,82616.58
2020,463,55717.77
2020,473,30243.55
2020,613,1959.92
2020,622,183302.38999999998
2020,633,3539.96
2020,643,14142.9
2020,670,56.49
2020,675,84.64999999999999
2020,695,1919.72
2020,696,2720.2
2020,731,186.72
2020,750,193.41
2020,812,10.91
2020,858,16.259999999999998
2020,859,25.23
2020,866,374.12
2020,867,694.61
2020,940,507.87
2020,982,15.719999999999999
2020,983,50.720000000000006
2020,1121,1434.62
2020,1122,2039.27
2020,1131,0.23
2020,1135,0
2020,1141,0.08
2020,1143,9.450000000000001
2020,1144,132.41
2020,1155,7.39
2020,1156,28.02
2020,1167,0.02
2020,1171,89.54
2020,1172,137.81
2020,1179,0.01
2020,1181,0.41000000000000003
2020,1182,3.54
2020,1222,6418.120000000001
2020,1223,7869.06
2020,1280,1070.48
2020,1302,639.07
2020,1303,1086.75
2020,1440,2240.12
2020,1464,51789.97
2020,1465,66697.59
2020,1472,2704.8100000000004
2020,1473,3595.64
2020,1592,7.78
2020,1603,116.85
2020,1611,25.810000000000002
2020,1615,5310.29
2020,1616,8341.720000000001
2020,1680,23.09
2020,1683,51.09
2020,1690,9937.48
2020,1691,13189.54
2020,1703,18112.460000000003
2020,2050,31.51
2020,2150,31.1
2020,2160,141.95000000000002
2020,2170,18.24
2020,2180,6.54
2020,2270,17.12
2020,2300,1.08
2020,2330,3.25
2020,3020,18.1
2020,3040,8.57
2020,4010,1.73
2020,4090,1.61
2020,4100,15.34
2020,4170,4.609999999999999
2020,4190,32.93
2020,4250,10.15
2020,4270,1.54
2020,5005,1367.43
2020,5006,1704.58
2020,5017,21004.34
2020,5018,25088.05
2020,5026,933.23
2020,5027,2124.3100000000004
2020,5034,124.74000000000001
2020,5035,285.24
2020,5081,287.96999999999997
2020,5082,1100.99
2020,5205,1282.27
2020,5206,1634.1799999999998
2020,5217,15816.07
2020,5218,19572.64
2020,5226,774.98
2020,5227,1856.54
2020,5234,113.98
2020,5235,262.21
2020,5281,237.68
2020,5282,975.38
2020,5417,4435.1
2020,5418,5474.58
2020,5426,257.53
2020,5427,565.9399999999999
2020,5434,48.339999999999996
2020,5435,104.57
2020,5481,77.42
2020,5482,276.71
2020,5617,2261.16
2020,5618,2923.92
2020,5626,168.43
2020,5627,375.02
2020,5634,25.72
2020,5635,56.68
2020,5681,48.07
2020,5682,171.78
2020,5805,1218.99
2020,5806,1478.56
2020,5817,9446.05
2020,5818,11466.78
2020,5826,384.72999999999996
2020,5827,955.8399999999999
2020,5834,44.7
2020,5835,110.31
2020,5881,110.99000000000001
2020,5882,491.15000000000003
2021,26,390.91999999999996
2021,40,134482.87999999998
2021,50,0
2021,82,363684.28
2021,93,1596.62
2021,163,20159.6
2021,172,318329.09
2021,193,11052.75
2021,201,271054.63
2021,252,115991.98
2021,267,367162.69
2021,322,338652.38
2021,367,94810.36
2021,375,15424.5
2021,402,98893.98
2021,463,51265.56
2021,473,29422
2021,613,1810.86
2021,622,219329.33
2021,633,3618.18
2021,643,15837.740000000002
2021,675,140.88000000000002
2021,696,4479.320000000001
2021,750,177.33
2021,812,10.06
2021,859,41.68
2021,867,1153.62
2021,940,774.4
2021,983,141.67
2021,1122,3185.73
2021,1135,0
2021,1141,0.22
2021,1144,207.55
2021,1156,65.29
2021,1172,190.47
2021,1179,0.02
2021,1182,7.09
2021,1223,14184.66
2021,1303,1770.47
2021,1440,3221.01
2021,1465,119750.66
2021,1473,6457.25
2021,1603,190.4
2021,1611,47.349999999999994
2021,1616,13686.57
2021,1683,103.16999999999999
2021,1691,23302.88
2021,1703,20058.88
2021,2050,31.51
2021,2150,31.939999999999998
2021,2160,141.1
2021,2170,18.4
2021,2180,6.38
2021,2270,17.06
2021,2300,1.1400000000000001
2021,2330,3.25
2021,3020,18.150000000000002
2021,3040,8.59
2021,4010,1.6700000000000002
2021,4090,1.74
2021,4100,14.79
2021,4170,5
2021,4190,31.9
2021,4250,9.83
2021,4270,1.6700000000000002
2021,5006,3093.7599999999998
2021,5018,45619.37
2021,5027,3877.29
2021,5035,450.21999999999997
2021,5082,1457.2
2021,5206,2919.4900000000002
2021,5218,35011.64
2021,5227,3335.15
2021,5235,411.67
2021,5282,1223.46
2021,5418,9770.66
2021,5427,1013.7800000000001
2021,5435,166.33
2021,5482,388.65000000000003
2021,5618,5097.03
2021,5627,655.8
2021,5635,89.21000000000001
2021,5682,241.98000000000002
2021,5806,2679.23
2021,5818,20771.18
2021,5827,1738.6799999999998
2021,5835,170.76
2021,5882,575.21
2022,26,712.66
2022,40,134572.91
2022,50,0
2022,82,357856.91000000003
2022,93,1511.37
2022,163,21652.49
2022,172,307977.63
2022,193,12786.949999999999
2022,201,265261.91000000003
2022,252,111893.76
2022,267,361407.63
2022,322,356846.06
2022,367,92897.37000000001
2022,375,18096.260000000002
2022,402,106446.1
2022,463,51642.68
2022,473,30252.41
2022,613,1917.46
2022,622,239182.61000000002
2022,633,4154.39
2022,643,18780.35
2022,675,143.63
2022,696,4515.18
2022,750,177.73999999999998
2022,812,10.08
2022,859,42.17
2022,867,1173.54
2022,940,751.9499999999999
2022,983,242.87
2022,1122,3149.9500000000003
2022,1135,0
2022,1141,0.4
2022,1144,206
2022,1156,94.31
2022,1172,163.60999999999999
2022,1179,0.03
2022,1182,7.75
2022,1223,14702.7
2022,1303,1701.1
2022,1440,3442.72
2022,1465,123355.98999999999
2022,1473,6634.79
2022,1603,227.16
2022,1611,57.61
2022,1616,14066.06
2022,1683,125.38
2022,1691,23997.62
2022,1703,24062.54
2022,2050,31.51
2022,2150,32.65
2022,2160,140.4
2022,2170,18.53
2022,2180,6.25
2022,2270,17.01
2022,2300,1.2
2022,2330,3.25
2022,3020,17.95
2022,3040,8.5
2022,4010,1.58
2022,4090,1.76
2022,4100,13.99
2022,4170,5.06
2022,4190,30.279999999999998
2022,4250,9.33
2022,4270,1.6900000000000002
2022,5006,3177.94
2022,5018,47006.54
2022,5027,4011.92
2022,5035,422.1
2022,5082,1548.6599999999999
2022,5206,3004.4700000000003
2022,5218,36094.719999999994
2022,5227,3455.8300000000004
2022,5235,389.13
2022,5282,1271.3799999999999
2022,5418,10044.04
2022,5427,1047.52
2022,5435,160.93
2022,5482,434.27
2022,5618,5231.83
2022,5627,677.53
2022,5635,86.84
2022,5682,274.18
2022,5806,2767.12
2022,5818,21438.1
2022,5827,1802.6499999999999
2022,5835,156.52
2022,5882,565.1
2023,26,1015.99
2023,40,136273.05
2023,50,0
2023,82,356266.47000000003
2023,93,1481.02
2023,163,23998.280000000002
2023,172,303006.94
2023,193,15182.65
2023,201,261500.33
2023,252,109876.78
2023,267,359769
2023,322,365302
2023,367,91629.70999999999
2023,375,21489.04
2023,402,109650.09
2023,463,52705.64
2023,473,31144.7
2023,613,2115.03
2023,622,250689.75
2023,633,4897.21
2023,643,22889.609999999997
2023,675,145.52
2023,696,4522.79
2023,750,179.47
2023,812,10.04
2023,859,42.4
2023,867,1186.33
2023,940,742.57
2023,983,315.15000000000003
2023,1122,3105.15
2023,1135,0
2023,1141,0.56
2023,1144,203.94
2023,1156,114.96000000000001
2023,1172,145.13
2023,1179,0.03
2023,1182,6.89
2023,1223,14853.04
2023,1303,1621.32
2023,1440,3683.1
2023,1465,123842.97
2023,1473,6643.94
2023,1603,278.65000000000003
2023,1611,69.17999999999999
2023,1616,14080.31
2023,1683,150.88000000000002
2023,1691,24102.06
2023,1703,29413.809999999998
2023,2050,31.51
2023,2150,32.8
2023,2160,140.25
2023,2170,18.56
2023,2180,6.22
2023,2270,17
2023,2300,1.21
2023,2330,3.25
2023,3020,17.54
2023,3040,8.3
2023,4010,1.45
2023,4090,1.73
2023,4100,12.89
2023,4170,4.970000000000001
2023,4190,28.02
2023,4250,8.639999999999999
2023,4270,1.6600000000000001
2023,5006,3181.74
2023,5018,47210.36
2023,5027,4046.23
2023,5035,392.8
2023,5082,1638.58
2023,5206,3013.55
2023,5218,36268.61
2023,5227,3490.21
2023,5235,363.82
2023,5282,1317.49
2023,5418,10059
2023,5427,1054.52
2023,5435,154.08
2023,5482,482.1
2023,5618,5229.99
2023,5627,681.75
2023,5635,83.77
2023,5682,308.64000000000004
2023,5806,2786.17
2023,5818,21570.99
2023,5827,1822.06
2023,5835,141.8
2023,5882,552.43
2024,26,1224.11
2024,40,136658.16
2024,50,0
2024,82,354802.91000000003
2024,93,1470.3899999999999
2024,163,26634.69
2024,172,297987.53
2024,193,17999.309999999998
2024,201,257180.28
2024,252,107854.70999999999
2024,267,358212.56
2024,322,372725.44
2024,367,90162.53
2024,375,25253.87
2024,402,112284.53
2024,463,53627.259999999995
2024,473,31889.45
2024,613,2347.42
2024,622,261807.94999999998
2024,633,5770.64
2024,643,28037.29
2024,675,147.37
2024,696,4528.35
2024,750,183.07
2024,812,10
2024,859,42.61
2024,867,1198.7
2024,940,750.55
2024,983,342.78999999999996
2024,1122,3085.3700000000003
2024,1135,0
2024,1141,0.6599999999999999
2024,1144,203.57
2024,1156,128.94
2024,1172,133.03
2024,1179,0.03
2024,1182,6.3
2024,1223,15168.94
2024,1303,1561.21
2024,1440,4003.15
2024,1465,125690.18000000001
2024,1473,6725.78
2024,1603,355
2024,1611,83.53
2024,1616,14229.52
2024,1683,183.09
2024,1691,24473.12
2024,1703,35856.97
2024,2050,31.51
2024,2150,32.52
2024,2160,140.53
2024,2170,18.53
2024,2180,6.25
2024,2270,17.02
2024,2300,1.1800000000000002
2024,2330,3.25
2024,3020,16.939999999999998
2024,3040,8.02
2024,4010,1.35
2024,4090,1.71
2024,4100,12.01
2024,4170,4.91
2024,4190,26.21
2024,4250,8.08
2024,4270,1.6400000000000001
2024,5006,3220.61
2024,5018,47937.46
2024,5027,4125.81
2024,5035,369.57
2024,5082,1755.22
2024,5206,3055.9300000000003
2024,5218,36844.58
2024,5227,3563.7799999999997
2024,5235,343
2024,5282,1385.57
2024,5418,10182.5
2024,5427,1073.04
2024,5435,148.76
2024,5482,540.7800000000001
2024,5618,5282.83
2024,5627,693.23
2024,5635,81.58
2024,5682,351.35
2024,5806,2836.4100000000003
2024,5818,21944.960000000003
2024,5827,1862.06
2024,5835,129.48000000000002
2024,5882,547.4
2025,26,1293.6599999999999
2025,40,136261.64
2025,50,0
2025,83,372141.53
2025,94,7585.320000000001
2025,164,57731.51
2025,173,351107.88
2025,194,28755.18
2025,202,183205.16
2025,253,109355.93
2025,268,347276.88
2025,323,324192.03
2025,368,65360.7
2025,377,37619.25
2025,403,236085.19
2025,464,46375.59
2025,474,17477.97
2025,614,6107.429999999999
2025,623,291311.31
2025,634,5905.26
2025,644,36038.450000000004
2025,675,74.14999999999999
2025,696,967.98
2025,697,1374.98
2025,750,39.28
2025,780,2989.07
2025,812,4.79
2025,859,9.139999999999999
2025,860,14.209999999999999
2025,867,261.03
2025,868,360.24
2025,940,309.74
2025,941,703.25
2025,983,136.6
2025,984,88.56
2025,1122,1165.61
2025,1123,1666.92
2025,1136,0
2025,1141,0.55
2025,1144,78.47
2025,1145,220.95000000000002
2025,1156,48.449999999999996
2025,1161,109.64
2025,1172,41.160000000000004
2025,1173,63.809999999999995
2025,1179,0.02
2025,1182,1.87
2025,1183,2.96
2025,1223,6788.09
2025,1224,8283.349999999999
2025,1303,651.1800000000001
2025,1304,816.61
2025,1440,1808.31
2025,1463,2721.94
2025,1465,56045.17
2025,1466,71706.3
2025,1473,3002.19
2025,1474,3962.79
2025,1603,133.19
2025,1604,568.4499999999999
2025,1611,37.06
2025,1616,5565.620000000001
2025,1617,8616.26
2025,1683,95.61999999999999
2025,1691,10791.869999999999
2025,1692,14193.2
2025,1704,50874.950000000004
2025,2050,31.51
2025,2150,32.760000000000005
2025,2160,140.28
2025,2170,18.58
2025,2180,6.2
2025,2270,17
2025,2300,1.2
2025,2330,3.25
2025,3020,16.25
2025,3040,7.6899999999999995
2025,4010,1.32
2025,4080,0.32999999999999996
2025,4090,0.69
2025,4091,1.09
2025,4100,3.92
2025,4101,7.470000000000001
2025,4110,0.01
2025,4170,2.02
2025,4171,3.12
2025,4190,9.7
2025,4191,15.96
2025,4240,0
2025,4250,3.19
2025,4251,4.72
2025,4260,0
2025,4270,0.7
2025,4271,1.01
2025,5006,1461.6
2025,5007,1811.4
2025,5018,21792.780000000002
2025,5019,25906.99
2025,5027,1883.01
2025,5028,3168.68
2025,5035,151.88000000000002
2025,5036,251.68
2025,5082,789.87
2025,5083,1179.1599999999999
2025,5206,1359.74
2025,5207,1721.57
2025,5218,16414.440000000002
2025,5219,20197.37
2025,5227,1594.6299999999999
2025,5228,2788.4700000000003
2025,5235,138.99
2025,5236,230.1
2025,5282,601.21
2025,5283,924.38
2025,5418,4531.610000000001
2025,5419,5562.89
2025,5427,479.25
2025,5428,799.1800000000001
2025,5435,61.54
2025,5436,99.27
2025,5482,247.57
2025,5483,369.42999999999995
2025,5618,2284.09
2025,5619,2933.4100000000003
2025,5627,300.44
2025,5628,512.48
2025,5635,33.260000000000005
2025,5636,55.260000000000005
2025,5682,159.06
2025,5683,241.33
2025,5806,1282.53
2025,5807,1547.11
2025,5818,9919.81
2025,5819,11976.62
2025,5827,845.47
2025,5828,1494.25
2025,5835,51.15
2025,5836,87.61
2025,5882,227.69
2025,5883,358.41999999999996
2026,26,1286.6699999999998
2026,40,135128.08
2026,50,0
2026,83,348959.38
2026,94,6708.75
2026,164,59569.229999999996
2026,173,324645.16
2026,194,29382.67
2026,202,168318.87999999998
2026,253,101056.51
2026,268,325628.5
2026,323,309869.72000000003
2026,368,59974.13
2026,377,39776.18
2026,403,221951.72
2026,464,43424.55
2026,474,16328.88
2026,614,6119.59
2026,623,284433.06
2026,634,9897.56
2026,644,39617.41
2026,675,52
2026,697,1695.72
2026,780,3731.57
2026,812,3.3
2026,860,17.59
2026,868,448.28999999999996
2026,941,1095.45
2026,984,245.64
2026,1123,2579.3
2026,1136,0
2026,1141,0.48000000000000004
2026,1145,343.40999999999997
2026,1161,162.2
2026,1173,95.14
2026,1179,0.02
2026,1183,4.42
2026,1224,15348.52
2026,1304,1365.28
2026,1463,4970.25
2026,1466,132347.23
2026,1474,7316.38
2026,1604,994.13
2026,1611,68.7
2026,1617,14390.42
2026,1683,195.97
2026,1692,25780.14
2026,1704,55894.450000000004
2026,2050,31.51
2026,2150,32.77
2026,2160,140.28
2026,2170,18.6
2026,2180,6.18
2026,2270,17
2026,2300,1.2
2026,2330,3.25
2026,3020,15.53
2026,3040,7.35
2026,4010,1.34
2026,4080,0.91
2026,4091,1.92
2026,4101,10.97
2026,4110,0.05
2026,4160,0
2026,4171,5.659999999999999
2026,4180,0
2026,4191,26.130000000000003
2026,4240,0
2026,4251,8.05
2026,4260,0
2026,4271,1.8900000000000001
2026,5007,3390.11
2026,5019,48576.719999999994
2026,5028,5958.88
2026,5036,414.17
2026,5083,2142.01
2026,5207,3172.9300000000003
2026,5219,37273.380000000005
2026,5228,5163.8
2026,5236,374.12
2026,5283,1627.8799999999999
2026,5419,10255.89
2026,5428,1477.1599999999999
2026,5436,165.08
2026,5483,686.39
2026,5619,5288.8
2026,5628,925.63
2026,5636,91.06
2026,5683,446.58
2026,5807,2888.4900000000002
2026,5819,22353.56
2026,5828,2799.7799999999997
2026,5836,138.64
2026,5883,602.3499999999999
2027,26,1280.72
2027,40,134875.64
2027,50,0
2027,83,351650.72000000003
2027,94,6085.31
2027,164,61635.57
2027,173,323970.47000000003
2027,194,31250.49
2027,202,167487.66
2027,253,100753.8
2027,268,328329.72000000003
2027,323,320090.88
2027,368,59637
2027,377,42869.159999999996
2027,403,227479.38999999998
2027,464,44698.8
2027,474,16754.260000000002
2027,614,6213.820000000001
2027,623,298277.91000000003
2027,634,10407.6
2027,644,44230.59
2027,675,53.120000000000005
2027,697,1712.06
2027,780,3711.8
2027,812,3.3099999999999996
2027,860,17.82
2027,868,456.97999999999996
2027,941,1020.88
2027,984,412.4
2027,1123,2499.73
2027,1136,0
2027,1141,0.46
2027,1145,334.03
2027,1161,153.82000000000002
2027,1173,103.69
2027,1179,0.02
2027,1183,4.859999999999999
2027,1224,16267.96
2027,1304,1228.21
2027,1463,4852.33
2027,1466,139446.28
2027,1474,7691.84
2027,1604,1120.49
2027,1611,79.5
2027,1617,15032.78
2027,1683,225.85000000000002
2027,1692,27060.59
2027,1704,62657.659999999996
2027,2050,31.51
2027,2150,34.03
2027,2160,139.02
2027,2170,18.810000000000002
2027,2180,5.970000000000001
2027,2270,16.9
2027,2300,1.3
2027,2330,3.25
2027,3020,14.89
2027,3040,7.05
2027,4010,1.41
2027,4080,1.44
2027,4091,2.08
2027,4101,11.07
2027,4110,0.09
2027,4160,0
2027,4171,6.22
2027,4180,0
2027,4191,27.62
2027,4240,0
2027,4251,8.51
2027,4260,0
2027,4271,2.07
2027,5007,3562.9300000000003
2027,5019,51202.98
2027,5028,6307.48
2027,5036,364.24
2027,5083,2095.16
2027,5207,3340.8100000000004
2027,5219,39312.63
2027,5228,5473.91
2027,5236,330.4
2027,5283,1556.1
2027,5419,10806.9
2027,5428,1564.61
2027,5436,149.5
2027,5483,698.3199999999999
2027,5619,5568.72
2027,5628,981.2
2027,5636,83.07
2027,5683,459.67
2027,5807,3046.9100000000003
2027,5819,23565.03
2027,5828,2964.79
2027,5836,118.27
2027,5883,539.73
2028,26,1273.1
2028,40,133376.47999999998
2028,50,0
2028,83,343694.41000000003
2028,94,5318.83
2028,164,60808.229999999996
2028,173,313950.03
2028,194,31874.66
2028,202,161712.66
2028,253,97530.82
2028,268,321240.13
2028,323,320816.53
2028,368,57547.49
2028,377,43005.8
2028,403,226014.63
2028,464,44704.13
2028,474,16676.62
2028,614,6130.22
2028,623,303061.78
2028,634,10583.849999999999
2028,644,46928.41
2028,675,50.24
2028,697,1600.44
2028,780,3550.09
2028,812,3.07
2028,860,16.73
2028,868,431.31
2028,941,956.15
2028,984,497.75
2028,1123,2287.14
2028,1136,0
2028,1141,0.42000000000000004
2028,1145,307.19
2028,1161,148.47
2028,1173,96.35
2028,1179,0.02
2028,1183,4.5
2028,1224,16542.940000000002
2028,1304,1045.97
2028,1463,4598.03
2028,1466,140971.94999999998
2028,1474,7759.39
2028,1604,1265.9
2028,1611,84.5
2028,1617,15019.49
2028,1683,242.7
2028,1692,27274.22
2028,1704,66325.77
2028,2050,31.51
2028,2150,33.59
2028,2160,139.46
2028,2170,18.75
2028,2180,6.03
2028,2270,16.939999999999998
2028,2300,1.26
2028,2330,3.25
2028,3020,14.370000000000001
2028,3040,6.8
2028,4010,1.43
2028,4080,2.05
2028,4091,2.22
2028,4101,10.62
2028,4110,0.13
2028,4160,0
2028,4171,6.7700000000000005
2028,4180,0
2028,4191,28.12
2028,4240,0
2028,4251,8.66
2028,4260,0
2028,4271,2.2600000000000002
2028,5007,3594.3300000000004
2028,5019,51802.39
2028,5028,6407.7
2028,5036,303.7
2028,5083,1961.35
2028,5207,3374.8700000000003
2028,5219,39780.41
2028,5228,5566.56
2028,5236,275.31
2028,5283,1439.1499999999999
2028,5419,10933.49
2028,5428,1590.8899999999999
2028,5436,127.59
2028,5483,679.02
2028,5619,5628.18
2028,5628,998.05
2028,5636,71.63
2028,5683,454.71999999999997
2028,5807,3082.9500000000003
2028,5819,23829.68
2028,5828,3011.4900000000002
2028,5836,95.32
2028,5883,470.68
2029,26,1292.8899999999999
2029,40,134331.2
2029,50,0
2029,83,340106.97000000003
2029,94,3786.15
2029,164,53599.14
2029,173,310401.56
2029,194,29996.6
2029,202,158872.27000000002
2029,253,96259.23999999999
2029,268,318479.75
2029,323,328703.25
2029,368,56531.25
2029,377,41849.11
2029,403,229186.91999999998
2029,464,45771.6
2029,474,16946.940000000002
2029,614,5468.360000000001
2029,623,311737.59
2029,634,9952.29
2029,644,49655.96
2029,675,47.98
2029,697,1510.6799999999998
2029,780,3479.15
2029,812,2.88
2029,860,15.850000000000001
2029,868,411.05
2029,941,947.04
2029,984,516.02
2029,1123,2159.86
2029,1136,0
2029,1141,0.39
2029,1145,291.75
2029,1161,149.97
2029,1173,87.48
2029,1179,0.02
2029,1183,4.07
2029,1224,17035.99
2029,1304,1135.6699999999998
2029,1463,5388.3
2029,1466,144277.64
2029,1474,7921
2029,1604,1464.1399999999999
2029,1611,88.91000000000001
2029,1617,15280.43
2029,1683,259.91999999999996
2029,1692,28036.280000000002
2029,1704,69738.86
2029,2050,31.51
2029,2150,32.51
2029,2160,140.54
2029,2170,18.6
2029,2180,6.18
2029,2270,17.02
2029,2300,1.1800000000000002
2029,2330,3.25
2029,3020,14.02
2029,3040,6.64
2029,4010,1.4
2029,4080,2.58
2029,4091,2.27
2029,4101,9.88
2029,4110,0.18
2029,4160,0
2029,4171,7.04
2029,4180,0
2029,4191,27.79
2029,4240,0
2029,4251,8.56
2029,4260,0
2029,4271,2.3499999999999996
2029,5007,3668.1
2029,5019,53028.64
2029,5028,6588.14
2029,5036,328.98999999999995
2029,5083,2270.01
2029,5207,3448.58
2029,5219,40720.689999999995
2029,5228,5728.13
2029,5236,298.01
2029,5283,1669.25
2029,5419,11153.28
2029,5428,1631.62
2029,5436,137.72
2029,5483,785.91
2029,5619,5728.75
2029,5628,1022.72
2029,5636,77.36
2029,5683,526.31
2029,5807,3163.86
2029,5819,24438.55
2029,5828,3102.57
2029,5836,103.52
2029,5883,545.08
2030,26,1314.6399999999999
2030,40,135382
2030,50,0
2030,60,0
2030,84,354641.81
2030,95,4567.64
2030,165,49601.759999999995
2030,174,348851.97000000003
2030,195,30683.99
2030,203,144430.77000000002
2030,254,104641.95999999999
2030,269,328567.06
2030,324,290283.28
2030,369,48228.880000000005
2030,380,62536.13
2030,404,254623.53
2030,465,40841.05
2030,475,11123.93
2030,615,5795
2030,624,292194.75
2030,635,10743.96
2030,645,65708.98
2030,675,44.36
2030,697,593.4399999999999
2030,698,844.2
2030,780,3324.82
2030,812,2.53
2030,860,6.25
2030,861,9.729999999999999
2030,868,164.6
2030,869,227.37
2030,941,389.1
2030,984,192.83
2030,985,272.3
2030,1010,749.47
2030,1123,769.47
2030,1124,1105.41
2030,1137,0
2030,1141,0.29000000000000004
2030,1145,105.85
2030,1146,149.6
2030,1161,52.78
2030,1162,118.39
2030,1173,22.25
2030,1174,34.83
2030,1179,0.01
2030,1183,0.98
2030,1184,1.57
2030,1224,7479.52
2030,1225,9058.77
2030,1304,521.63
2030,1305,644.39
2030,1463,2535.18
2030,1466,63086.8
2030,1467,79885.72
2030,1474,3464.73
2030,1475,4520.88
2030,1599,4862.26
2030,1604,926.87
2030,1611,39.13
2030,1614,110.99000000000001
2030,1617,6268.04
2030,1618,9517.29
2030,1683,115.31
2030,1686,230.10999999999999
2030,1692,12177.41
2030,1693,15821.869999999999
2030,1705,93704.61
2030,2050,31.51
2030,2150,31.330000000000002
2030,2160,141.72
2030,2170,18.419999999999998
2030,2180,6.359999999999999
2030,2270,17.110000000000003
2030,2300,1.09
2030,2330,3.25
2030,3020,13.83
2030,3040,6.55
2030,4010,1.31
2030,4080,2.82
2030,4091,2.22
2030,4101,8.84
2030,4110,0.2
2030,4160,0
2030,4171,6.94
2030,4180,0
2030,4191,26.130000000000003
2030,4240,0
2030,4251,8.05
2030,4260,0
2030,4271,2.3099999999999996
2030,5007,1665.8
2030,5008,2045.73
2030,5019,24134.54
2030,5020,28480.149999999998
2030,5028,3008.46
2030,5029,3467.38
2030,5036,156.20999999999998
2030,5037,269.61
2030,5083,1119.78
2030,5084,1649.1499999999999
2030,5207,1540.8
2030,5208,1931.09
2030,5219,18219.809999999998
2030,5220,22221.01
2030,5228,2572.9500000000003
2030,5229,3038.9100000000003
2030,5236,139.42000000000002
2030,5237,240.6
2030,5283,815.07
2030,5284,1233.9
2030,5419,4977.94
2030,5420,6058.55
2030,5428,730.39
2030,5429,859.8
2030,5436,63.949999999999996
2030,5437,107.25
2030,5483,377.96
2030,5484,556.19
2030,5619,2494.9100000000003
2030,5620,3171.22
2030,5628,446.21
2030,5629,542.73
2030,5636,35.25
2030,5637,60.64
2030,5683,247.53
2030,5684,369.26
2030,5807,1435.82
2030,5808,1717.55
2030,5819,11086.07
2030,5820,13274.75
2030,5828,1413.3899999999999
2030,5829,1648.52
2030,5836,49.01
2030,5837,88.09
2030,5883,270.89
2030,5884,423.25
2031,26,1368.06
2031,40,140232.73
2031,60,0
2031,84,348900.38
2031,95,4608.6
2031,165,50320.27
2031,174,339640.38
2031,195,30293.2
2031,203,140607.47
2031,254,101765.85
2031,269,323527.25
2031,324,290597.09
2031,369,46854.07
2031,380,65393.759999999995
2031,404,251389.08
2031,465,40554.719999999994
2031,475,11065.7
2031,615,5864.67
2031,624,296856.19
2031,635,10744.06
2031,645,72843.04
2031,675,42.190000000000005
2031,698,1411.26
2031,780,3188.84
2031,812,2.36
2031,861,16.34
2031,869,383.78999999999996
2031,985,432.6
2031,1010,1201.25
2031,1124,1738.75
2031,1137,0
2031,1141,0.26
2031,1146,236.53
2031,1162,171.88000000000002
2031,1174,49.36
2031,1179,0.01
2031,1184,2.23
2031,1225,16081.720000000001
2031,1305,1173.28
2031,1467,141211.7
2031,1475,7990.46
2031,1599,8756.2
2031,1604,1320.11
2031,1614,175.2
2031,1618,15285.94
2031,1686,409.6
2031,1693,27798.809999999998
2031,1705,102091.52
2031,2050,31.51
2031,2150,31.05
2031,2160,142
2031,2170,18.38
2031,2180,6.4
2031,2270,17.130000000000003
2031,2300,1.07
2031,2330,3.25
2031,3020,13.79
2031,3040,6.53
2031,4010,1.1800000000000002
2031,4080,2.6
2031,4091,2.05
2031,4101,7.88
2031,4110,0.18
2031,4160,0
2031,4171,6.41
2031,4180,0
2031,4191,23.55
2031,4240,0
2031,4251,7.25
2031,4260,0
2031,4271,2.13
2031,5008,3726.63
2031,5020,51994.04
2031,5029,6350.67
2031,5037,503.54
2031,5084,3104.62
2031,5208,3470.79
2031,5220,39995.78
2031,5229,5490.6900000000005
2031,5237,444.76
2031,5284,2301.73
2031,5420,10895.210000000001
2031,5429,1550.94
2031,5437,197.43
2031,5484,1022.41
2031,5620,5596.29
2031,5629,960.16
2031,5637,109.94000000000001
2031,5684,665.9399999999999
2031,5808,3125.9
2031,5820,24150.149999999998
2031,5829,3011.21
2031,5837,164.15
2031,5884,804.9
2032,26,1348.12
2032,40,137542
2032,60,0
2032,84,339663.03
2032,95,4578.18
2032,165,50702.619999999995
2032,174,328116.09
2032,195,30269.280000000002
2032,203,135716.47
2032,254,98202.04
2032,269,315294.53
2032,324,288960.66
2032,369,45158.01
2032,380,66395.85
2032,404,247681.64
2032,465,40275.759999999995
2032,475,10961.09
2032,615,5874.39
2032,624,298204.13
2032,635,10761.640000000001
2032,645,75029.58
2032,675,39.13
2032,698,1293.78
2032,780,2982.53
2032,812,2.15
2032,861,15.04
2032,869,355.31
2032,985,402.7
2032,1010,1128.36
2032,1124,1602.3899999999999
2032,1137,0
2032,1141,0.23
2032,1146,219.13
2032,1162,160.82000000000002
2032,1174,45.07
2032,1179,0.01
2032,1184,2.03
2032,1225,15601.75
2032,1305,1150.1
2032,1467,136203.03
2032,1475,7689.48
2032,1599,8825.92
2032,1604,1306.1799999999998
2032,1614,170.31
2032,1618,14754.710000000001
2032,1686,399.31
2032,1693,26884.5
2032,1705,105133.43999999999
2032,2050,31.51
2032,2150,30.759999999999998
2032,2160,142.29
2032,2170,18.35
2032,2180,6.430000000000001
2032,2270,17.150000000000002
2032,2300,1.05
2032,2330,3.25
2032,3020,13.860000000000001
2032,3040,6.57
2032,4010,1.05
2032,4080,2.36
2032,4091,1.8800000000000001
2032,4101,6.92
2032,4110,0.17
2032,4160,0
2032,4171,5.9
2032,4180,0
2032,4191,20.919999999999998
2032,4240,0
2032,4251,6.44
2032,4260,0
2032,4271,1.96
2032,5008,3585.68
2032,5020,50170.39
2032,5029,6152.96
2032,5037,492.8
2032,5084,3124.84
2032,5208,3343.05
2032,5220,38587.3
2032,5229,5323.2699999999995
2032,5237,435.84000000000003
2032,5284,2319.56
2032,5420,10497.69
2032,5429,1501.71
2032,5437,193.28
2032,5484,1025.37
2032,5620,5387.6900000000005
2032,5629,929.9599999999999
2032,5637,107.7
2032,5684,666.64
2032,5808,3019.8500000000004
2032,5820,23316.54
2032,5829,2919.92
2032,5837,161.04
2032,5884,814.47
2033,26,1359.77
2033,40,138073.97999999998
2033,60,0
2033,84,336091.28
2033,95,4603.41
2033,165,51806.75
2033,174,322596.38
2033,195,30793.66
2033,203,133264.47
2033,254,96437.15000000001
2033,269,312347.44
2033,324,292405.22000000003
2033,369,44288.36
2033,380,67896.68000000001
2033,404,248667.16
2033,465,40705.32
2033,475,11046.4
2033,615,5965.14
2033,624,304190.94
2033,635,10951.5
2033,645,77105.40999999999
2033,675,37.56
2033,698,1227.6899999999998
2033,780,2888.22
2033,812,2.03
2033,861,14.33
2033,869,340.52
2033,985,388.11
2033,1010,1097.46
2033,1124,1528.6899999999998
2033,1137,0
2033,1141,0.22
2033,1146,210.16
2033,1162,155.78
2033,1174,42.59
2033,1179,0.01
2033,1184,1.92
2033,1225,15833.03
2033,1305,1173.6
2033,1467,137412.91
2033,1475,7740.06
2033,1599,9247.79
2033,1604,1345.29
2033,1614,172.3
2033,1618,14899.15
2033,1686,405.14000000000004
2033,1693,27190.53
2033,1705,108239.25
2033,2050,31.51
2033,2150,30.47
2033,2160,142.57
2033,2170,18.310000000000002
2033,2180,6.470000000000001
2033,2270,17.17
2033,2300,1.03
2033,2330,3.25
2033,3020,14.04
2033,3040,6.6499999999999995
2033,4010,0.96
2033,4080,2.23
2033,4091,1.73
2033,4101,6.31
2033,4110,0.16
2033,4160,0
2033,4171,5.44
2033,4180,0
2033,4191,19.3
2033,4240,0
2033,4251,5.95
2033,4260,0
2033,4271,1.81
2033,5008,3608.63
2033,5020,50636.8
2033,5029,6235.7699999999995
2033,5037,502.06
2033,5084,3269.55
2033,5208,3367.96
2033,5220,38939.64
2033,5229,5398.429999999999
2033,5237,444.61
2033,5284,2430
2033,5420,10581.82
2033,5429,1521.25
2033,5437,196.98000000000002
2033,5484,1069.1
2033,5620,5426.94
2033,5629,942.43
2033,5637,109.84
2033,5684,693.8399999999999
2033,5808,3051.16
2033,5820,23543.74
2033,5829,2961.3500000000004
2033,5837,164.45000000000002
2033,5884,856.6800000000001
2034,26,1369.08
2034,40,138353.87999999998
2034,60,0.01
2034,84,332753.72000000003
2034,95,4618.78
2034,165,52823.97
2034,174,317573.75
2034,195,31298.4
2034,203,131007.40999999999
2034,254,94821.11
2034,269,309636.81
2034,324,296151.5
2034,369,43491.6
2034,380,69122.01
2034,404,250059.27000000002
2034,465,41173.94
2034,475,11142.710000000001
2034,615,6044.95
2034,624,310192.91000000003
2034,635,11128.19
2034,645,78637.37000000001
2034,675,36.98
2034,698,1194.48
2034,780,2868.4900000000002
2034,812,1.96
2034,861,13.99
2034,869,334.65000000000003
2034,985,383.6
2034,1010,1094.85
2034,1124,1495.48
2034,1137,0
2034,1141,0.22
2034,1146,206.7
2034,1162,154.73
2034,1174,41.260000000000005
2034,1179,0.01
2034,1184,1.85
2034,1225,15884.94
2034,1305,1180.3899999999999
2034,1467,137047.59
2034,1475,7701.7699999999995
2034,1599,9538.33
2034,1604,1365.59
2034,1614,171.75
2034,1618,14874.19
2034,1686,405.06
2034,1693,27181.85
2034,1705,110635.95
2034,2050,31.51
2034,2150,30.18
2034,2160,142.86
2034,2170,18.279999999999998
2034,2180,6.5
2034,2270,17.2
2034,2300,1.01
2034,2330,3.25
2034,3020,14.28
2034,3040,6.76
2034,4010,0.9500000000000001
2034,4080,2.25
2034,4091,1.6500000000000001
2034,4101,6.159999999999999
2034,4110,0.16
2034,4160,0
2034,4171,5.18
2034,4180,0
2034,4191,19.08
2034,4240,0
2034,4251,5.88
2034,4260,0
2034,4271,1.72
2034,5008,3590.1
2034,5020,50523.02
2034,5029,6247.67
2034,5037,504.14000000000004
2034,5084,3367.51
2034,5208,3354.15
2034,5220,38845.24
2034,5229,5412.21
2034,5237,447.04
2034,5284,2505.9700000000003
2034,5420,10546
2034,5429,1523.6699999999998
2034,5437,197.88000000000002
2034,5484,1097.36
2034,5620,5405
2034,5629,944.37
2034,5637,110.42
2034,5684,710.98
2034,5808,3047.2599999999998
2034,5820,23499.06
2034,5829,2968.88
2034,5837,165.52
2034,5884,886.9499999999999
2035,26,1377.27
2035,40,138506.47
2035,60,0.01
2035,85,359556.63
2035,96,4400.26
2035,166,46680.880000000005
2035,175,311749.41000000003
2035,196,30228.3
2035,204,152991.81
2035,255,99959.55
2035,271,315677.47000000003
2035,325,344888.44
2035,370,43601.659999999996
2035,381,69939.2
2035,405,246766.94999999998
2035,466,35272.850000000006
2035,476,17340.12
2035,616,6028.14
2035,625,312588.97000000003
2035,636,10570.849999999999
2035,646,74706.93
2035,675,6.84
2035,698,93.86
2035,699,133.72
2035,780,235.23999999999998
2035,781,3999.73
2035,812,0.33999999999999997
2035,861,1.11
2035,862,1.72
2035,869,26.82
2035,871,37.09
2035,985,149.86
2035,986,206.73
2035,1010,461.77
2035,1030,870.9599999999999
2035,1124,557.48
2035,1125,804.54
2035,1137,0
2035,1138,0
2035,1141,0.17
2035,1146,78.46000000000001
2035,1147,111.3
2035,1162,57.260000000000005
2035,1169,111.13
2035,1174,12.450000000000001
2035,1175,19.630000000000003
2035,1179,0
2035,1184,0.54
2035,1185,0.8700000000000001
2035,1225,7075.91
2035,1226,8509.38
2035,1305,534.69
2035,1306,640.5
2035,1467,60809.229999999996
2035,1468,76251.9
2035,1475,3419.25
2035,1476,4412.95
2035,1599,4287.320000000001
2035,1600,6291.73
2035,1604,493.06
2035,1605,1145.31
2035,1614,67.49000000000001
2035,1618,5937.25
2035,1619,8852.69
2035,1686,180.9
2035,1693,12058.17
2035,1694,15489.5
2035,1706,106744.33
2035,2050,31.51
2035,2150,29.89
2035,2160,143.15
2035,2170,18.24
2035,2180,6.54
2035,2270,17.22
2035,2300,0.99
2035,2330,3.25
2035,3020,14.57
2035,3040,6.9
2035,4010,1.01
2035,4080,0.8200000000000001
2035,4081,1.99
2035,4091,0.62
2035,4092,1
2035,4101,2.02
2035,4102,4.13
2035,4110,0.06
2035,4111,0.07
2035,4160,0
2035,4161,0
2035,4171,1.97
2035,4172,3.06
2035,4181,0
2035,4191,7.659999999999999
2035,4192,12.709999999999999
2035,4240,0
2035,4241,0
2035,4251,2.52
2035,4252,3.75
2035,4260,0
2035,4261,0
2035,4271,0.6799999999999999
2035,4272,0.99
2035,5008,1646.5
2035,5009,2004.7
2035,5020,23219.649999999998
2035,5021,27210.9
2035,5029,2880.4500000000003
2035,5030,3303.58
2035,5037,233.41
2035,5038,273.61
2035,5084,1544.62
2035,5085,2244.8300000000004
2035,5208,1514.44
2035,5209,1879.8899999999999
2035,5220,17564.16
2035,5221,21242.7
2035,5229,2456.16
2035,5230,2883.7
2035,5237,204.81
2035,5238,238.64
2035,5284,1138.46
2035,5285,1701.3
2035,5420,4773.51
2035,5421,5762
2035,5429,691.47
2035,5430,809.15
2035,5437,90.44000000000001
2035,5438,105.83
2035,5484,490.21
2035,5485,710.93
2035,5620,2394.02
2035,5621,3012.15
2035,5629,418.86
2035,5630,505.61
2035,5637,49.6
2035,5638,60.2
2035,5684,310.56
2035,5685,456.61
2035,5808,1394.25
2035,5809,1654.76
2035,5820,10748
2035,5821,12770.83
2035,5829,1363.56
2035,5830,1581.78
2035,5837,76.36
2035,5838,88.54
2035,5884,412.32
2035,5885,634.23
2036,26,1389.86
2036,40,139085.78
2036,60,0.01
2036,85,344692.38
2036,96,4244.34
2036,166,45877.98
2036,175,297895.66
2036,196,29878.99
2036,204,145851.47
2036,255,95385.77
2036,271,303108.53
2036,325,338913.33999999997
2036,370,41558.55
2036,381,67806.81
2036,405,241631.88999999998
2036,466,34519.04
2036,476,16940.4
2036,616,5930.2
2036,625,308199.28
2036,636,10489.68
2036,646,71350.90999999999
2036,675,4.4
2036,699,151.10999999999999
2036,781,4616.37
2036,812,0.22
2036,862,1.96
2036,871,42.33
2036,986,356.86
2036,1030,1518.09
2036,1125,1374.09
2036,1138,0
2036,1141,0.16
2036,1147,191.15
2036,1169,181.84
2036,1175,31.29
2036,1179,0
2036,1185,1.3900000000000001
2036,1226,15449.47
2036,1306,1177.6299999999999
2036,1468,137866.83
2036,1476,7978.59
2036,1600,11521.28
2036,1605,1796.52
2036,1614,110.07
2036,1619,14757.859999999999
2036,1686,320.27
2036,1694,27691.79
2036,1706,102250.04
2036,2050,31.51
2036,2150,29.6
2036,2160,143.45000000000002
2036,2170,18.21
2036,2180,6.57
2036,2270,17.24
2036,2300,0.96
2036,2330,3.25
2036,3020,14.89
2036,3040,7.05
2036,4010,1.1300000000000001
2036,4081,4.83
2036,4092,1.51
2036,4102,5.159999999999999
2036,4111,0.2
2036,4161,0
2036,4172,4.91
2036,4181,0
2036,4192,22.74
2036,4241,0
2036,4252,7
2036,4261,0
2036,4272,1.6300000000000001
2036,5009,3722.98
2036,5021,50641.59
2036,5030,6167.320000000001
2036,5038,512.2700000000001
2036,5085,4178.18
2036,5209,3446.2
2036,5221,38997.82
2036,5230,5313.29
2036,5238,442.91999999999996
2036,5285,3143.64
2036,5421,10588.99
2036,5430,1491.1799999999998
2036,5438,196.09
2036,5485,1294.62
2036,5621,5439.120000000001
2036,5630,915.01
2036,5638,109.98
2036,5685,817.1700000000001
2036,5809,3067.79
2036,5821,23667.57
2036,5830,2943.01
2036,5838,165.23999999999998
2036,5885,1195.1499999999999
2037,26,1393.84
2037,40,138791.55
2037,60,0.01
2037,85,341978.09
2037,96,4252.59
2037,166,46730.17
2037,175,294273.38
2037,196,30457.06
2037,204,143842.97999999998
2037,255,94076.48
2037,271,301203.25
2037,325,343600.5
2037,370,40973.87
2037,381,68474.72
2037,405,243923.33
2037,466,34948.950000000004
2037,476,17116.7
2037,616,6008.49
2037,625,314164
2037,636,10676.38
2037,646,71808.07
2037,675,4.619999999999999
2037,699,156.82000000000002
2037,781,4894.78
2037,812,0.22
2037,862,2.04
2037,871,44.39
2037,986,378.07
2037,1030,1624.1799999999998
2037,1125,1440.1299999999999
2037,1138,0
2037,1141,0.17
2037,1147,201.46
2037,1169,193.60999999999999
2037,1175,32.44
2037,1179,0
2037,1185,1.43
2037,1226,15722.68
2037,1306,1197.05
2037,1468,139510.27000000002
2037,1476,8056.1
2037,1600,11958.7
2037,1605,1839.6799999999998
2037,1614,110.55
2037,1619,14948.97
2037,1686,323.06
2037,1694,28083.609999999997
2037,1706,102944.37000000001
2037,2050,31.51
2037,2150,29.3
2037,2160,143.73999999999998
2037,2170,18.17
2037,2180,6.609999999999999
2037,2270,17.259999999999998
2037,2300,0.9400000000000001
2037,2330,3.25
2037,3020,15.219999999999999
2037,3040,7.2
2037,4010,1.26
2037,4081,7.14
2037,4092,1.34
2037,4102,4.01
2037,4111,0.32999999999999996
2037,4161,0
2037,4172,4.78
2037,4181,0
2037,4192,25.459999999999997
2037,4241,0.01
2037,4252,7.84
2037,4261,0
2037,4272,1.59
2037,5009,3758.3
2037,5021,51264.04
2037,5030,6267.99
2037,5038,519.89
2037,5085,4330.89
2037,5209,3482.16
2037,5221,39468.43
2037,5230,5403.06
2037,5238,450.07
2037,5285,3263.4100000000003
2037,5421,10710.05
2037,5430,1515.4
2037,5438,199.14
2037,5485,1337.47
2037,5621,5498.57
2037,5630,930.39
2037,5638,111.78
2037,5685,843.11
2037,5809,3107.8100000000004
2037,5821,23962.16
2037,5830,2992.3700000000003
2037,5838,168.04
2037,5885,1245.62
2038,26,1388.6399999999999
2038,40,137577.36
2038,60,0.01
2038,85,340699.25
2038,96,4277.620000000001
2038,166,47711.7
2038,175,291867.38
2038,196,31069.88
2038,204,142459.97
2038,255,93154.95
2038,271,300564.33999999997
2038,325,349462.25
2038,370,40567.310000000005
2038,381,69501.3
2038,405,247014.87999999998
2038,466,35507.32
2038,476,17357.07
2038,616,6101.1900000000005
2038,625,321318.72000000003
2038,636,10879.05
2038,646,72861.66
2038,675,4.76
2038,699,159.85000000000002
2038,781,5099.14
2038,812,0.22
2038,862,2.09
2038,871,45.720000000000006
2038,986,393.51
2038,1030,1707.45
2038,1125,1482.6699999999998
2038,1138,0
2038,1141,0.17
2038,1147,208.6
2038,1169,202.49
2038,1175,33.03
2038,1179,0
2038,1185,1.46
2038,1226,16038.09
2038,1306,1219.1799999999998
2038,1468,141493.34
2038,1476,8152.64
2038,1600,12425.740000000002
2038,1605,1887.35
2038,1614,111.22
2038,1619,15176.859999999999
2038,1686,326.42999999999995
2038,1694,28544.57
2038,1706,104409.89
2038,2050,31.51
2038,2150,29
2038,2160,144.04
2038,2170,18.130000000000003
2038,2180,6.6499999999999995
2038,2270,17.279999999999998
2038,2300,0.92
2038,2330,3.25
2038,3020,15.54
2038,3040,7.359999999999999
2038,4010,1.37
2038,4081,8.78
2038,4092,1.23
2038,4102,3.36
2038,4111,0.43000000000000005
2038,4161,0
2038,4172,4.76
2038,4181,0
2038,4192,27.830000000000002
2038,4241,0.01
2038,4252,8.56
2038,4261,0.01
2038,4272,1.58
2038,5009,3802.46
2038,5021,52012.14
2038,5030,6385.08
2038,5038,528.64
2038,5085,4493.95
2038,5209,3526.3900000000003
2038,5221,40035.14
2038,5230,5507.08
2038,5238,458.22999999999996
2038,5285,3391.3900000000003
2038,5421,10857.44
2038,5430,1543.6399999999999
2038,5438,202.63
2038,5485,1383.29
2038,5621,5571.54
2038,5630,948.2700000000001
2038,5638,113.85
2038,5685,870.9
2038,5809,3155.42
2038,5821,24314.809999999998
2038,5830,3049.53
2038,5838,171.22
2038,5885,1299.52
2039,26,1416.6899999999998
2039,40,139639.66
2039,60,0.01
2039,85,339097.33999999997
2039,96,4298.26
2039,166,48618.01
2039,175,289205.78
2039,196,31616.36
2039,204,140967.81
2039,255,92153.13
2039,271,299644.47000000003
2039,325,354877.38
2039,370,40130.380000000005
2039,381,70461.52
2039,405,249796.28
2039,466,36021.18
2039,476,17577.37
2039,616,6183.1900000000005
2039,625,328080.5
2039,636,11060.17
2039,646,73893.78
2039,675,5.08
2039,699,168.62
2039,781,5498.44
2039,812,0.23
2039,862,2.21
2039,871,48.730000000000004
2039,986,423.92999999999995
2039,1030,1858.1799999999998
2039,1125,1579.77
2039,1138,0
2039,1141,0.18
2039,1147,223.54
2039,1169,219.14
2039,1175,34.78
2039,1179,0
2039,1185,1.53
2039,1226,16635.01
2039,1306,1262.35
2039,1468,145908.58
2039,1476,8388.369999999999
2039,1600,13114.52
2039,1605,1968.22
2039,1614,113.72
2039,1619,15666.220000000001
2039,1686,335.24
2039,1694,29498.49
2039,1706,105832.16
2039,2050,31.51
2039,2150,28.7
2039,2160,144.34
2039,2170,18.09
2039,2180,6.6899999999999995
2039,2270,17.3
2039,2300,0.9
2039,2330,3.25
2039,3020,15.84
2039,3040,7.5
2039,4010,1.49
2039,4081,10.1
2039,4092,1.1600000000000001
2039,4102,3.09
2039,4111,0.5
2039,4161,0
2039,4172,4.76
2039,4181,0
2039,4192,30.32
2039,4241,0.02
2039,4252,9.33
2039,4261,0.01
2039,4272,1.58
2039,5009,3911.48
2039,5021,53655.52
2039,5030,6613.67
2039,5038,546.4599999999999
2039,5085,4736.6900000000005
2039,5209,3630.9300000000003
2039,5221,41290.15
2039,5230,5707.44
2039,5238,474.28999999999996
2039,5285,3580.02
2039,5421,11191.57
2039,5430,1598.8799999999999
2039,5438,209.60999999999999
2039,5485,1453.35
2039,5621,5740.24
2039,5630,982.7800000000001
2039,5638,117.88
2039,5685,913.9
2039,5809,3257.4
2039,5821,25085.49
2039,5830,3159.9500000000003
2039,5838,177.34
2039,5885,1377.07
2040,26,1429.2
2040,40,140144.75
2040,60,0.01
2040,86,367959.97000000003
2040,97,4000.34
2040,167,48431.17
2040,176,323428.33999999997
2040,197,34811.87
2040,205,157509.97
2040,256,97767.84
2040,272,301250.88
2040,326,339854.44
2040,371,44967.36
2040,406,242770.22
2040,467,35052.46
2040,477,16642.93
2040,580,70316.77
2040,617,6853.81
2040,626,324620.31
2040,637,11694.07
2040,647,71057.40999999999
2040,675,5.13
2040,699,72.31
2040,701,103.19
2040,781,5693.4
2040,812,0.22
2040,862,0.9500000000000001
2040,863,1.49
2040,871,21.330000000000002
2040,872,29.52
2040,986,171.60999999999999
2040,987,237.17
2040,1030,799.3499999999999
2040,1031,1295.3799999999999
2040,1125,617.97
2040,1126,894.61
2040,1138,0
2040,1139,0
2040,1141,0.15000000000000002
2040,1147,88.66999999999999
2040,1148,126.11
2040,1169,80.77
2040,1175,10.219999999999999
2040,1176,16.25
2040,1179,0
2040,1185,0.44
2040,1186,0.71
2040,1188,156.26
2040,1226,7416.23
2040,1227,8651.82
2040,1306,570
2040,1307,676.38
2040,1468,64792.13
2040,1469,80483.90999999999
2040,1476,3726.42
2040,1477,4758.78
2040,1600,5795.94
2040,1601,8516.77
2040,1605,1215.3899999999999
2040,1614,51.25
2040,1619,6686.98
2040,1620,9802.16
2040,1686,148.6
2040,1694,13077.49
2040,1695,16620.440000000002
2040,1707,105296.59
2040,2050,31.51
2040,2150,28.4
2040,2160,144.64
2040,2170,18.05
2040,2180,6.73
2040,2270,17.32
2040,2300,0.88
2040,2330,3.25
2040,3020,16.1
2040,3040,7.619999999999999
2040,4010,1.56
2040,4081,10.88
2040,4092,1.1500000000000001
2040,4102,3
2040,4111,0.53
2040,4161,0
2040,4172,4.84
2040,4181,0
2040,4192,32.02
2040,4241,0.02
2040,4252,9.850000000000001
2040,4261,0.01
2040,4272,1.61
2040,5009,1792.12
2040,5010,2164.05
2040,5021,24635.34
2040,5022,28678.58
2040,5030,3046.02
2040,5031,3392.29
2040,5038,251.84
2040,5039,292.76
2040,5085,2132.8900000000003
2040,5086,3107.75
2040,5209,1638.77
2040,5210,2015.56
2040,5221,18662.82
2040,5222,22391.12
2040,5230,2589
2040,5231,2945.88
2040,5238,216.4
2040,5239,250.16
2040,5285,1599.1
2040,5286,2397.4700000000003
2040,5421,5068.75
2040,5422,6069.7699999999995
2040,5430,725.99
2040,5431,825.97
2040,5438,95.58
2040,5439,110.91000000000001
2040,5485,637.65
2040,5486,924.98
2040,5621,2547.88
2040,5622,3174.2799999999997
2040,5630,436.83
2040,5631,512.2700000000001
2040,5638,52.91
2040,5639,63.55
2040,5685,392.87
2040,5686,577.52
2040,5809,1488.48
2040,5810,1753.53
2040,5821,11458.94
2040,5822,13516.53
2040,5830,1449.36
2040,5831,1627.6799999999998
2040,5838,81.35
2040,5839,93.6
2040,5885,630.49
2040,5886,971.48
2041,26,1446.45
2041,40,141093.02
2041,60,0.01
2041,86,358205
2041,97,3930.44
2041,167,48365.310000000005
2041,176,313875.59
2041,197,34862.659999999996
2041,205,152534.75
2041,256,94773.5
2041,272,293826.75
2041,326,338143.44
2041,371,43541.2
2041,406,240758.16
2041,467,34722.159999999996
2041,477,16472.84
2041,580,69234.69
2041,617,6815.55
2041,626,323830
2041,637,11688.57
2041,647,69222.59
2041,675,5.159999999999999
2041,701,182.31
2041,781,5784.7699999999995
2041,812,0.22
2041,863,2.64
2041,872,52.720000000000006
2041,987,399.17
2041,1031,2203.18
2041,1126,1488.77
2041,1139,0
2041,1141,0.14
2041,1148,211.10999999999999
2041,1176,24.610000000000003
2041,1179,0
2041,1186,1.07
2041,1188,243.49
2041,1227,15849.27
2041,1307,1251.77
2041,1469,146813.63
2041,1477,8679.68
2041,1601,15516.359999999999
2041,1605,1693.72
2041,1614,81.02
2041,1620,16241.78
2041,1686,265.15000000000003
2041,1695,30019.67
2041,1707,102863.17000000001
2041,2050,31.51
2041,2150,28.1
2041,2160,144.95000000000002
2041,2170,18.01
2041,2180,6.7700000000000005
2041,2270,17.34
2041,2300,0.8600000000000001
2041,2330,3.25
2041,3020,16.310000000000002
2041,3040,7.72
2041,4010,1.6
2041,4081,11.219999999999999
2041,4092,1.1600000000000001
2041,4102,2.96
2041,4111,0.55
2041,4161,0
2041,4172,4.89
2041,4181,0
2041,4192,32.790000000000006
2041,4241,0.02
2041,4252,10.09
2041,4261,0.01
2041,4272,1.62
2041,5010,4049.7799999999997
2041,5022,53783.24
2041,5031,6381.42
2041,5039,551.15
2041,5086,5748.54
2041,5210,3724.73
2041,5222,41438.380000000005
2041,5231,5471.54
2041,5239,467.05
2041,5286,4407.929999999999
2041,5422,11254.44
2041,5431,1535.81
2041,5439,207.03
2041,5486,1674.6699999999998
2041,5622,5789.31
2041,5631,936.43
2041,5639,117.1
2041,5686,1029.21
2041,5810,3274.67
2041,5822,25233.04
2041,5831,3050.4300000000003
2041,5839,175.46
2041,5886,1823.48
2042,26,1453.52
2042,40,141030.78
2042,60,0.01
2042,86,355982.47000000003
2042,97,3944.08
2042,167,49207.82
2042,176,310748.09
2042,197,35440
2042,205,150752.66
2042,256,93721.51
2042,272,292570.19
2042,326,342844.69
2042,371,43023.380000000005
2042,406,243207.14
2042,467,35155.189999999995
2042,477,16655.59
2042,580,69876.63
2042,617,6897
2042,626,329558.78
2042,637,11861.42
2042,647,69716.66
2042,675,5.109999999999999
2042,701,178.52
2042,781,5793.23
2042,812,0.21000000000000002
2042,863,2.6
2042,872,52.18
2042,987,398.91999999999996
2042,1031,2225.3500000000004
2042,1126,1470.92
2042,1139,0
2042,1141,0.14
2042,1148,209.82000000000002
2042,1176,23.99
2042,1179,0
2042,1186,1.04
2042,1188,244.34
2042,1227,15920.26
2042,1307,1255.1299999999999
2042,1469,146652.83
2042,1477,8651.82
2042,1601,15810.54
2042,1605,1711.6
2042,1614,80.01
2042,1620,16242.130000000001
2042,1686,263.2
2042,1695,30050.57
2042,1707,103586.48
2042,2050,31.51
2042,2150,27.79
2042,2160,145.25
2042,2170,17.97
2042,2180,6.81
2042,2270,17.36
2042,2300,0.8400000000000001
2042,2330,3.25
2042,3020,16.45
2042,3040,7.79
2042,4010,1.61
2042,4081,11.44
2042,4092,1.1900000000000002
2042,4102,2.88
2042,4111,0.58
2042,4161,0
2042,4172,5.09
2042,4181,0
2042,4192,33.21
2042,4241,0.02
2042,4252,10.219999999999999
2042,4261,0.01
2042,4272,1.6900000000000002
2042,5010,4035.72
2042,5022,53742.46
2042,5031,6401.44
2042,5039,551.73
2042,5086,5850.2
2042,5210,3714.94
2042,5222,41395.08
2042,5231,5491.34
2042,5239,468.1
2042,5286,4493.24
2042,5422,11238.8
2042,5431,1540.79
2042,5439,207.44
2042,5486,1698.95
2042,5622,5778.98
2042,5631,940.04
2042,5639,117.45
2042,5686,1043.11
2042,5810,3273.9300000000003
2042,5822,25212.85
2042,5831,3060.7799999999997
2042,5839,175.92000000000002
2042,5886,1865.6799999999998
2043,26,1464.91
2043,40,141370.94
2043,60,0.01
2043,86,353581.81
2043,97,3955.9100000000003
2043,167,49986.2
2043,176,307447.03
2043,197,35933.04
2043,205,148909.27000000002
2043,256,92618.45
2043,272,291167.09
2043,326,347183
2043,371,42487.91
2043,406,245375.22
2043,467,35557.07
2043,477,16824.03
2043,580,70540.25
2043,617,6968.6900000000005
2043,626,335017.91000000003
2043,637,12010.93
2043,647,70380.90999999999
2043,675,5
2043,701,172.60999999999999
2043,781,5730.08
2043,812,0.2
2043,863,2.52
2043,872,51
2043,987,393.69
2043,1031,2220.13
2043,1126,1435.02
2043,1139,0
2043,1141,0.13
2043,1148,205.93
2043,1176,23.09
2043,1179,0
2043,1186,1
2043,1188,242.13
2043,1227,16128.18
2043,1307,1269.3
2043,1469,147734
2043,1477,8696.94
2043,1601,16238.55
2043,1605,1744.3799999999999
2043,1614,79.66999999999999
2043,1620,16379.83
2043,1686,263.44
2043,1695,30336.329999999998
2043,1707,104488.01
2043,2050,31.51
2043,2150,27.49
2043,2160,145.56
2043,2170,17.919999999999998
2043,2180,6.859999999999999
2043,2270,17.38
2043,2300,0.8200000000000001
2043,2330,3.25
2043,3020,16.53
2043,3040,7.819999999999999
2043,4010,1.61
2043,4081,11.53
2043,4092,1.25
2043,4102,2.77
2043,4111,0.62
2043,4161,0
2043,4172,5.37
2043,4181,0
2043,4192,33.260000000000005
2043,4241,0.02
2043,4252,10.239999999999998
2043,4261,0.01
2043,4272,1.78
2043,5010,4055.7
2043,5022,54157.310000000005
2043,5031,6476.3
2043,5039,557.03
2043,5086,6001.1
2043,5210,3736.5
2043,5222,41702.28
2043,5231,5558.23
2043,5239,473.17
2043,5286,4616.73
2043,5422,11318.49
2043,5431,1558.99
2043,5439,209.64
2043,5486,1737.4
2043,5622,5817.6500000000005
2043,5631,951.74
2043,5639,118.82
2043,5686,1065.71
2043,5810,3300.92
2043,5822,25405.97
2043,5831,3097.3300000000004
2043,5839,177.89000000000001
2043,5886,1923.95
2044,26,1486.83
2044,40,142704.91999999998
2044,60,0.01
2044,86,354760.88
2044,97,4008.68
2044,167,51265.09
2044,176,307259.88
2044,197,36771.219999999994
2044,205,148587.2
2044,256,92454.09
2044,272,292716.81
2044,326,354983.81
2044,371,42386.77
2044,406,249982.41
2044,467,36313.2
2044,477,17160.920000000002
2044,580,71934.01
2044,617,7108.79
2044,626,343846.59
2044,637,12276.859999999999
2044,647,71810.34
2044,675,4.94
2044,701,168.34
2044,781,5718.81
2044,812,0.2
2044,863,2.4699999999999998
2044,872,50.290000000000006
2044,987,391.98999999999995
2044,1031,2234.96
2044,1126,1412.24
2044,1139,0
2044,1141,0.13
2044,1148,203.9
2044,1176,22.41
2044,1179,0
2044,1186,0.97
2044,1188,242.10999999999999
2044,1227,16299.25
2044,1307,1280.59
2044,1469,148452.23
2044,1477,8720.32
2044,1601,16628.980000000003
2044,1605,1773.45
2044,1614,79.11
2044,1620,16477.21
2044,1686,262.98999999999995
2044,1695,30548.39
2044,1707,106510.53
2044,2050,31.51
2044,2150,27.18
2044,2160,145.87
2044,2170,17.88
2044,2180,6.9
2044,2270,17.4
2044,2300,0.8
2044,2330,3.25
2044,3020,16.53
2044,3040,7.819999999999999
2044,4010,1.6
2044,4081,11.56
2044,4092,1.3
2044,4102,2.65
2044,4111,0.6599999999999999
2044,4161,0
2044,4172,5.63
2044,4181,0
2044,4192,33.11
2044,4241,0.02
2044,4252,10.19
2044,4261,0.01
2044,4272,1.87
2044,5010,4065.52
2044,5022,54439.75
2044,5031,6536.07
2044,5039,561.05
2044,5086,6137.7699999999995
2044,5210,3748.75
2044,5222,41906.99
2044,5231,5612.21
2044,5239,477.16
2044,5286,4729.67
2044,5422,11370.5
2044,5431,1573.59
2044,5439,211.36
2044,5486,1771.59
2044,5622,5842.06
2044,5631,961.25
2044,5639,119.92
2044,5686,1085.6799999999998
2044,5810,3319.84
2044,5822,25536.52
2044,5831,3126.63
2044,5839,179.45000000000002
2044,5886,1978.09
2045,26,1498.23
2045,40,143005.97
2045,60,0.01
2045,87,371019.13
2045,98,3093.7599999999998
2045,168,47646.25
2045,177,338017.59
2045,198,39311.5
2045,206,167451.97
2045,257,96132.31
2045,273,339500.66
2045,327,320826.44
2045,372,45479.48
2045,407,242673.58
2045,468,64857.77
2045,478,16024.92
2045,618,7297.58
2045,627,309865
2045,638,12425
2045,648,69982.42
2045,675,4.74
2045,701,69
2045,702,98.61999999999999
2045,781,5616.94
2045,812,0.18
2045,855,70283.34
2045,863,1.02
2045,864,1.59
2045,872,21
2045,873,29.09
2045,987,148.32000000000002
2045,988,205.39000000000001
2045,1031,904.51
2045,1126,515.7
2045,1127,749
2045,1133,1463.1599999999999
2045,1139,0
2045,1141,0.1
2045,1148,75.56
2045,1149,107.75
2045,1176,6.03
2045,1177,9.66
2045,1179,0
2045,1186,0.25
2045,1187,0.41000000000000003
2045,1188,83.54
2045,1189,161.07
2045,1227,7254.28
2045,1228,8406.720000000001
2045,1307,577.13
2045,1308,668.91
2045,1469,65804.23999999999
2045,1470,81008.68000000001
2045,1477,3866.75
2045,1478,4888.26
2045,1601,7245.57
2045,1602,10672.62
2045,1605,1029.6899999999998
2045,1614,35.24
2045,1620,7029.42
2045,1621,10140.77
2045,1686,115.94000000000001
2045,1695,13522.1
2045,1696,17014.24
2045,1708,104847.59
2045,2050,31.51
2045,2150,26.87
2045,2160,146.18
2045,2170,17.830000000000002
2045,2180,6.95
2045,2270,17.419999999999998
2045,2300,0.7899999999999999
2045,2330,3.25
2045,3020,16.45
2045,3040,7.79
2045,4010,1.57
2045,4081,5.67
2045,4082,5.359999999999999
2045,4092,0.59
2045,4093,0.96
2045,4102,0.89
2045,4103,1.98
2045,4111,0.32999999999999996
2045,4112,0.17
2045,4161,0
2045,4162,0
2045,4172,2.29
2045,4173,3.59
2045,4181,0
2045,4182,0
2045,4192,12.139999999999999
2045,4193,20.3
2045,4241,0.01
2045,4242,0
2045,4252,4
2045,4253,5.99
2045,4261,0
2045,4262,0
2045,4272,0.8
2045,4273,1.1600000000000001
2045,5010,1872.1399999999999
2045,5011,2243.01
2045,5022,25123.32
2045,5023,29062.86
2045,5031,3025.77
2045,5032,3354.42
2045,5039,262.28
2045,5040,299.21
2045,5086,2924.73
2045,5087,3201.9700000000003
2045,5210,1702.81
2045,5211,2076.17
2045,5222,19063.920000000002
2045,5223,22699.649999999998
2045,5231,2562.4500000000003
2045,5232,2899.74
2045,5239,221.1
2045,5240,250.46
2045,5286,2228.75
2045,5287,2478.11
2045,5422,5183.610000000001
2045,5423,6160.81
2045,5431,719.41
2045,5432,813.9499999999999
2045,5439,97.88
2045,5440,111.23
2045,5486,836.09
2045,5487,926.97
2045,5622,2613.3500000000004
2045,5623,3226
2045,5631,430.96
2045,5632,501.87
2045,5639,54.67
2045,5640,64
2045,5686,505.46999999999997
2045,5687,571.25
2045,5810,1524.33
2045,5811,1783.27
2045,5822,11721.349999999999
2045,5823,13731.28
2045,5831,1440.95
2045,5832,1610.3799999999999
2045,5839,83.4
2045,5840,94.11999999999999
2045,5886,936.22
2045,5887,1038.95
2046,26,1514.46
2046,40,143746.91999999998
2046,60,0.01
2046,87,360829.66
2046,98,3031.52
2046,168,47257.840000000004
2046,177,327245.97000000003
2046,198,39109.74
2046,206,161923.81
2046,257,92996.48
2046,273,330791.75
2046,327,317630.88
2046,372,43987.729999999996
2046,407,240024.53
2046,468,65404.52
2046,478,16030.18
2046,618,7222.31
2046,627,307931.59
2046,638,12370.58
2046,648,67893.83
2046,675,4.59
2046,702,167.76
2046,781,5500.45
2046,812,0.17
2046,855,69041.38
2046,864,2.72
2046,873,50.03
2046,988,331.36
2046,1127,1194.06
2046,1133,2387.58
2046,1139,0
2046,1141,0.09
2046,1149,172.85000000000002
2046,1177,14.03
2046,1179,0
2046,1187,0.6
2046,1189,241.23
2046,1228,15293.11
2046,1308,1229.49
2046,1470,146736.69
2046,1478,8853.28
2046,1602,19113.9
2046,1605,1476.47
2046,1614,55.690000000000005
2046,1621,16782.77
2046,1686,205.6
2046,1696,30580.84
2046,1708,102041.55
2046,2050,31.51
2046,2150,26.55
2046,2160,146.49
2046,2170,17.79
2046,2180,6.99
2046,2270,17.439999999999998
2046,2300,0.77
2046,2330,3.25
2046,3020,16.32
2046,3040,7.73
2046,4010,1.53
2046,4082,11.43
2046,4093,1.6
2046,4103,2.14
2046,4112,0.53
2046,4162,0
2046,4173,6.119999999999999
2046,4182,0
2046,4193,31.74
2046,4242,0.01
2046,4253,9.77
2046,4262,0.01
2046,4273,2.04
2046,5011,4192.5
2046,5023,54440.17
2046,5032,6302.94
2046,5040,566.8499999999999
2046,5087,6179.620000000001
2046,5211,3835.82
2046,5223,42000.37
2046,5232,5384.969999999999
2046,5240,470.89
2046,5287,4737
2046,5423,11419.11
2046,5432,1513.24
2046,5440,209.01
2046,5487,1773.6
2046,5623,5885.29
2046,5632,918.1700000000001
2046,5640,118.66999999999999
2046,5687,1080.29
2046,5811,3325.9900000000002
2046,5823,25601.59
2046,5832,3014.08
2046,5840,177.43
2046,5887,1993.82
2047,26,1521.9
2047,40,143635
2047,60,0.01
2047,87,358778.47000000003
2047,98,3044.14
2047,168,47999.24
2047,177,324029.33999999997
2047,198,39670.99
2047,206,160035.84
2047,257,92012.16
2047,273,329519.03
2047,327,321499.69
2047,372,43483.380000000005
2047,407,242246.66
2047,468,66201.97
2047,478,16204.630000000001
2047,618,7297.9
2047,627,312715.78
2047,638,12526.19
2047,648,68279.78
2047,675,4.44
2047,702,160.52
2047,781,5387.9
2047,812,0.16
2047,855,69609.18000000001
2047,864,2.62
2047,873,48.41
2047,988,323.3
2047,1127,1151.05
2047,1133,2356.59
2047,1139,0
2047,1141,0.08
2047,1149,167.67
2047,1177,13.33
2047,1179,0
2047,1187,0.5700000000000001
2047,1189,236.6
2047,1228,15420.96
2047,1308,1237.96
2047,1470,147158.94
2047,1478,8860.47
2047,1602,19491.7
2047,1605,1498.79
2047,1614,55.05
2047,1621,16851.460000000003
2047,1686,204.45000000000002
2047,1696,30733.89
2047,1708,102587
2047,2050,31.51
2047,2150,26.24
2047,2160,146.81
2047,2170,17.74
2047,2180,7.04
2047,2270,17.45
2047,2300,0.75
2047,2330,3.25
2047,3020,16.130000000000003
2047,3040,7.64
2047,4010,1.49
2047,4082,12.04
2047,4093,1.37
2047,4103,1.1700000000000002
2047,4112,0.8400000000000001
2047,4162,0
2047,4173,6.34
2047,4182,0
2047,4193,30.959999999999997
2047,4242,0.02
2047,4253,9.53
2047,4262,0.01
2047,4273,2.1
2047,5011,4195.29
2047,5023,54622.49
2047,5032,6348.29
2047,5040,569.8299999999999
2047,5087,6299.88
2047,5211,3841.55
2047,5223,42128.87
2047,5232,5426.25
2047,5240,473.90999999999997
2047,5287,4836.91
2047,5423,11450.82
2047,5432,1524.36
2047,5440,210.31
2047,5487,1803.07
2047,5623,5899.49
2047,5632,925.5
2047,5640,119.53
2047,5687,1097.4
2047,5811,3338.69
2047,5823,25684.87
2047,5832,3036.3700000000003
2047,5840,178.62
2047,5887,2042.6699999999998
2048,26,1536.34
2048,40,144165.94999999998
2048,60,0.01
2048,87,357580.13
2048,98,3066.7599999999998
2048,168,48725.14
2048,177,320844.53
2048,198,40175.880000000005
2048,206,158173.08
2048,257,91038.89
2048,273,329091.66
2048,327,325288.5
2048,372,42985.53
2048,407,244356.16
2048,468,66909.55
2048,478,16365.12
2048,618,7369.429999999999
2048,627,315741.22000000003
2048,638,12666.75
2048,648,68882.69
2048,675,4.3
2048,702,153.60999999999999
2048,781,5279.91
2048,812,0.15000000000000002
2048,855,70321.07
2048,864,2.52
2048,873,46.849999999999994
2048,988,315.53
2048,1127,1109.74
2048,1133,2327.04
2048,1139,0
2048,1141,0.08
2048,1149,162.68
2048,1177,12.67
2048,1179,0
2048,1187,0.54
2048,1189,232.15
2048,1228,15572.859999999999
2048,1308,1248.43
2048,1470,147790.58
2048,1478,8879.97
2048,1602,19898.91
2048,1605,1523.73
2048,1614,54.48
2048,1621,16944.01
2048,1686,203.56
2048,1696,30931.3
2048,1708,103362.64
2048,2050,31.51
2048,2150,25.93
2048,2160,147.12
2048,2170,17.7
2048,2180,7.08
2048,2270,17.47
2048,2300,0.73
2048,2330,3.25
2048,3020,15.9
2048,3040,7.53
2048,4010,1.45
2048,4082,12.06
2048,4093,1.2
2048,4103,0.7899999999999999
2048,4112,1.07
2048,4162,0
2048,4173,6.53
2048,4182,0
2048,4193,30.19
2048,4242,0.02
2048,4253,9.28
2048,4262,0.01
2048,4273,2.16
2048,5011,4203.9
2048,5023,54883.04
2048,5032,6403.31
2048,5040,573.69
2048,5087,6429.429999999999
2048,5211,3852.63
2048,5223,42317.27
2048,5232,5475.83
2048,5240,477.68
2048,5287,4944.320000000001
2048,5423,11498.92
2048,5432,1537.82
2048,5440,211.95000000000002
2048,5487,1835.08
2048,5623,5922.1
2048,5632,934.2700000000001
2048,5640,120.59
2048,5687,1116.05
2048,5811,3356.17
2048,5823,25804.55
2048,5832,3063.2799999999997
2048,5840,180.08
2048,5887,2094.9100000000003
2049,26,1550.94
2049,40,144689.91999999998
2049,60,0.01
2049,87,357299.97000000003
2049,98,3101.65
2049,168,49452.55
2049,177,317740.91000000003
2049,198,40666.14
2049,206,156363.22
2049,257,90089.78
2049,273,329580.94
2049,327,329069.19
2049,372,42501.91
2049,407,246450.63
2049,468,67607.27
2049,478,16524.980000000003
2049,618,7440.08
2049,627,317178.56
2049,638,12803.76
2049,648,69552.47
2049,675,4.1899999999999995
2049,702,147.69
2049,781,5200.14
2049,812,0.14
2049,855,70958.45
2049,864,2.4299999999999997
2049,873,45.56
2049,988,309.44
2049,1127,1074.98
2049,1133,2309.44
2049,1139,0
2049,1141,0.08
2049,1149,158.6
2049,1177,12.09
2049,1179,0
2049,1187,0.51
2049,1189,228.92000000000002
2049,1228,15769.78
2049,1308,1264
2049,1470,148825.16
2049,1478,8923.25
2049,1602,20177.53
2049,1605,1551.95
2049,1614,53.99
2049,1621,17066.55
2049,1686,203.01
2049,1696,31184.460000000003
2049,1708,104215.72
2049,2050,31.51
2049,2150,25.610000000000003
2049,2160,147.44
2049,2170,17.650000000000002
2049,2180,7.13
2049,2270,17.49
2049,2300,0.71
2049,2330,3.25
2049,3020,15.66
2049,3040,7.41
2049,4010,1.42
2049,4082,11.97
2049,4093,1.12
2049,4103,0.62
2049,4112,1.22
2049,4162,0
2049,4173,6.73
2049,4182,0
2049,4193,29.630000000000003
2049,4242,0.02
2049,4253,9.11
2049,4262,0.02
2049,4273,2.23
2049,5011,4223.46
2049,5023,55289.759999999995
2049,5032,6476.08
2049,5040,579.8499999999999
2049,5087,6512.360000000001
2049,5211,3874
2049,5223,42620.27
2049,5232,5540.98
2049,5240,483.38
2049,5287,5012.08
2049,5423,11578.12
2049,5432,1555.6599999999999
2049,5440,214.44
2049,5487,1857.93
2049,5623,5960.72
2049,5632,945.76
2049,5640,122.11
2049,5687,1130.07
2049,5811,3382.42
2049,5823,25991.4
2049,5832,3098.52
2049,5840,182.23
2049,5887,2124.3
2050,26,1566.1299999999999
2050,40,145246.77000000002
2050,60,0.01
2050,87,357158.72000000003
2050,98,3140.23
2050,168,50194.950000000004
2050,177,314765.69
2050,198,41162.229999999996
2050,206,154627.91999999998
2050,257,89177.95999999999
2050,273,330209.09
2050,327,332906.41000000003
2050,372,42038.44
2050,407,248587.38999999998
2050,468,68312.45999999999
2050,478,16687.79
2050,618,7511.74
2050,627,318811.83999999997
2050,638,12942.34
2050,648,70245.90999999999
2050,675,4.1
2050,702,142.78
2050,781,5151.33
2050,812,0.14
2050,855,71433.72
2050,864,2.36
2050,873,44.56
2050,988,305.18
2050,1127,1047.03
2050,1133,2305.3300000000004
2050,1139,0
2050,1141,0.07
2050,1149,155.48000000000002
2050,1177,11.61
2050,1179,0
2050,1187,0.49
2050,1189,227.03
2050,1228,15994.77
2050,1308,1281.85
2050,1470,150096.84
2050,1478,8980.27
2050,1602,20492.95
2050,1605,1583.3
2050,1614,53.58
2050,1621,17216.329999999998
2050,1686,202.75
2050,1696,31488.51
2050,1708,105105.39
2050,2050,31.51
2050,2150,25.29
2050,2160,147.76
2050,2170,17.6
2050,2180,7.18
2050,2270,17.51
2050,2300,0.69
2050,2330,3.25
2050,3020,15.41
2050,3040,7.3
2050,4010,1.4
2050,4082,11.84
2050,4093,1.1
2050,4103,0.55
2050,4112,1.31
2050,4162,0
2050,4173,6.930000000000001
2050,4182,0
2050,4193,29.22
2050,4242,0.02
2050,4253,8.98
2050,4262,0.02
2050,4273,2.29
2050,5011,4249.52
2050,5023,55785.36
2050,5032,6560.09
2050,5040,587
2050,5087,6606.88
2050,5211,3901.4100000000003
2050,5223,42991.37
2050,5232,5615.85
2050,5240,489.92999999999995
2050,5287,5088.969999999999
2050,5423,11675.77
2050,5432,1576.21
2050,5440,217.31
2050,5487,1884.03
2050,5623,6008.78
2050,5632,958.92
2050,5640,123.86
2050,5687,1146.07
2050,5811,3414.15
2050,5823,26219.87
2050,5832,3139.14
2050,5840,184.70999999999998
2050,5887,2157.62
