Year,TripLenID,MSModeID,Value
2015,1,1,140.554901123047
2015,1,2,1.52770411968231
2015,1,3,0.621154189109802
2015,1,4,0.372925221920013
2015,1,5,0.0576590560376644
2015,1,6,1.89215624332428
2015,1,7,0
2015,1,8,0
2015,1,9,0.0272285751998425
2015,1,10,0.100892402231693
2015,1,11,0.00143504072912037
2015,1,12,3.48248286172748e-4
2015,2,1,135.821166992188
2015,2,2,7.43428134918213
2015,2,3,3.83992123603821
2015,2,4,2.20147490501404
2015,2,5,0.533199012279511
2015,2,6,23.9458160400391
2015,2,7,0
2015,2,8,0.00448149396106601
2015,2,9,0.141397953033447
2015,2,10,1.8027092218399
2015,2,11,0.0296927951276302
2015,2,12,0.0138510717079043
2015,3,1,73.4999618530273
2015,3,2,19.0162448883057
2015,3,3,19.363733291626
2015,3,4,10.5071334838867
2015,3,5,4.73949146270752
2015,3,6,159.320831298828
2015,3,7,0.0434000678360462
2015,3,8,0.220838859677315
2015,3,9,0.494720309972763
2015,3,10,6.69477939605713
2015,3,11,0.292827546596527
2015,3,12,0.312903225421906
2015,4,1,21.6750812530518
2015,4,2,16.7864170074463
2015,4,3,28.8159942626953
2015,4,4,14.5714054107666
2015,4,5,8.31232070922852
2015,4,6,185.919494628906
2015,4,7,0.141782313585281
2015,4,8,1.38717591762543
2015,4,9,0.945527255535126
2015,4,10,6.5694580078125
2015,4,11,0.509513556957245
2015,4,12,1.1412478685379
2015,5,1,19.807336807251
2015,5,2,14.2053451538086
2015,5,3,45.5440826416016
2015,5,4,21.3038291931152
2015,5,5,19.4038238525391
2015,5,6,153.767532348633
2015,5,7,1.85062980651855
2015,5,8,5.29667663574219
2015,5,9,2.06265783309937
2015,5,10,5.12569522857666
2015,5,11,0.510894894599915
2015,5,12,1.63784241676331
2015,6,1,5.97467613220215
2015,6,2,3.96952962875366
2015,6,3,26.8894386291504
2015,6,4,13.2823991775513
2015,6,5,16.4010982513428
2015,6,6,43.3821411132813
2015,6,7,4.13818502426147
2015,6,8,6.96141195297241
2015,6,9,1.10764193534851
2015,6,10,4.96111488342285
2015,6,11,0.116107031702995
2015,6,12,0.370415866374969
2015,7,1,2.28288745880127
2015,7,2,0.385265499353409
2015,7,3,19.3524894714355
2015,7,4,12.2695865631104
2015,7,5,5.19699287414551
2015,7,6,9.31144714355469
2015,7,7,8.88166427612305
2015,7,8,6.59171581268311
2015,7,9,2.39911246299744
2015,7,10,1.55356121063232
2015,7,11,0.0408972539007664
2015,7,12,0.144830495119095
2015,8,1,1.48189330101013
2015,8,2,0.187801852822304
2015,8,3,20.4084930419922
2015,8,4,16.6475162506104
2015,8,5,3.20704293251038
2015,8,6,5.38004541397095
2015,8,7,37.312084197998
2015,8,8,11.0786237716675
2015,8,9,2.32749271392822
2015,8,10,2.25712728500366
2015,8,11,1.40861737728119
2015,8,12,0.14140559732914
2016,1,1,140.554901123047
2016,1,2,1.52770411968231
2016,1,3,0.621154189109802
2016,1,4,0.372925221920013
2016,1,5,0.0576590560376644
2016,1,6,1.89215624332428
2016,1,7,0
2016,1,8,0
2016,1,9,0.0272285751998425
2016,1,10,0.100892402231693
2016,1,11,0.00143504072912037
2016,1,12,3.48248286172748e-4
2016,2,1,135.821166992188
2016,2,2,7.43428134918213
2016,2,3,3.83992123603821
2016,2,4,2.20147490501404
2016,2,5,0.533199012279511
2016,2,6,23.9458160400391
2016,2,7,0
2016,2,8,0.00448149396106601
2016,2,9,0.141397953033447
2016,2,10,1.8027092218399
2016,2,11,0.0296927951276302
2016,2,12,0.0138510717079043
2016,3,1,73.4999618530273
2016,3,2,19.0162448883057
2016,3,3,19.363733291626
2016,3,4,10.5071334838867
2016,3,5,4.73949146270752
2016,3,6,159.320831298828
2016,3,7,0.0434000678360462
2016,3,8,0.220838859677315
2016,3,9,0.494720309972763
2016,3,10,6.69477939605713
2016,3,11,0.292827546596527
2016,3,12,0.312903225421906
2016,4,1,21.6750812530518
2016,4,2,16.7864170074463
2016,4,3,28.8159942626953
2016,4,4,14.5714054107666
2016,4,5,8.31232070922852
2016,4,6,185.919494628906
2016,4,7,0.141782313585281
2016,4,8,1.38717591762543
2016,4,9,0.945527255535126
2016,4,10,6.5694580078125
2016,4,11,0.509513556957245
2016,4,12,1.1412478685379
2016,5,1,19.807336807251
2016,5,2,14.2053451538086
2016,5,3,45.5440826416016
2016,5,4,21.3038291931152
2016,5,5,19.4038238525391
2016,5,6,153.767532348633
2016,5,7,1.85062980651855
2016,5,8,5.29667663574219
2016,5,9,2.06265783309937
2016,5,10,5.12569522857666
2016,5,11,0.510894894599915
2016,5,12,1.63784241676331
2016,6,1,5.97467613220215
2016,6,2,3.96952962875366
2016,6,3,26.8894386291504
2016,6,4,13.2823991775513
2016,6,5,16.4010982513428
2016,6,6,43.3821411132813
2016,6,7,4.13818502426147
2016,6,8,6.96141195297241
2016,6,9,1.10764193534851
2016,6,10,4.96111488342285
2016,6,11,0.116107031702995
2016,6,12,0.370415866374969
2016,7,1,2.28288745880127
2016,7,2,0.385265499353409
2016,7,3,19.3524894714355
2016,7,4,12.2695865631104
2016,7,5,5.19699287414551
2016,7,6,9.31144714355469
2016,7,7,8.88166427612305
2016,7,8,6.59171581268311
2016,7,9,2.39911246299744
2016,7,10,1.55356121063232
2016,7,11,0.0408972539007664
2016,7,12,0.144830495119095
2016,8,1,1.48189330101013
2016,8,2,0.187801852822304
2016,8,3,20.4084930419922
2016,8,4,16.6475162506104
2016,8,5,3.20704293251038
2016,8,6,5.38004541397095
2016,8,7,37.312084197998
2016,8,8,11.0786237716675
2016,8,9,2.32749271392822
2016,8,10,2.25712728500366
2016,8,11,1.40861737728119
2016,8,12,0.14140559732914
2017,1,1,140.554901123047
2017,1,2,1.52770411968231
2017,1,3,0.621154189109802
2017,1,4,0.372925221920013
2017,1,5,0.0576590560376644
2017,1,6,1.89215624332428
2017,1,7,0
2017,1,8,0
2017,1,9,0.0272285751998425
2017,1,10,0.100892402231693
2017,1,11,0.00143504072912037
2017,1,12,3.48248286172748e-4
2017,2,1,135.821166992188
2017,2,2,7.43428134918213
2017,2,3,3.83992123603821
2017,2,4,2.20147490501404
2017,2,5,0.533199012279511
2017,2,6,23.9458160400391
2017,2,7,0
2017,2,8,0.00448149396106601
2017,2,9,0.141397953033447
2017,2,10,1.8027092218399
2017,2,11,0.0296927951276302
2017,2,12,0.0138510717079043
2017,3,1,73.4999618530273
2017,3,2,19.0162448883057
2017,3,3,19.363733291626
2017,3,4,10.5071334838867
2017,3,5,4.73949146270752
2017,3,6,159.320831298828
2017,3,7,0.0434000678360462
2017,3,8,0.220838859677315
2017,3,9,0.494720309972763
2017,3,10,6.69477939605713
2017,3,11,0.292827546596527
2017,3,12,0.312903225421906
2017,4,1,21.6750812530518
2017,4,2,16.7864170074463
2017,4,3,28.8159942626953
2017,4,4,14.5714054107666
2017,4,5,8.31232070922852
2017,4,6,185.919494628906
2017,4,7,0.141782313585281
2017,4,8,1.38717591762543
2017,4,9,0.945527255535126
2017,4,10,6.5694580078125
2017,4,11,0.509513556957245
2017,4,12,1.1412478685379
2017,5,1,19.807336807251
2017,5,2,14.2053451538086
2017,5,3,45.5440826416016
2017,5,4,21.3038291931152
2017,5,5,19.4038238525391
2017,5,6,153.767532348633
2017,5,7,1.85062980651855
2017,5,8,5.29667663574219
2017,5,9,2.06265783309937
2017,5,10,5.12569522857666
2017,5,11,0.510894894599915
2017,5,12,1.63784241676331
2017,6,1,5.97467613220215
2017,6,2,3.96952962875366
2017,6,3,26.8894386291504
2017,6,4,13.2823991775513
2017,6,5,16.4010982513428
2017,6,6,43.3821411132813
2017,6,7,4.13818502426147
2017,6,8,6.96141195297241
2017,6,9,1.10764193534851
2017,6,10,4.96111488342285
2017,6,11,0.116107031702995
2017,6,12,0.370415866374969
2017,7,1,2.28288745880127
2017,7,2,0.385265499353409
2017,7,3,19.3524894714355
2017,7,4,12.2695865631104
2017,7,5,5.19699287414551
2017,7,6,9.31144714355469
2017,7,7,8.88166427612305
2017,7,8,6.59171581268311
2017,7,9,2.39911246299744
2017,7,10,1.55356121063232
2017,7,11,0.0408972539007664
2017,7,12,0.144830495119095
2017,8,1,1.48189330101013
2017,8,2,0.187801852822304
2017,8,3,20.4084930419922
2017,8,4,16.6475162506104
2017,8,5,3.20704293251038
2017,8,6,5.38004541397095
2017,8,7,37.312084197998
2017,8,8,11.0786237716675
2017,8,9,2.32749271392822
2017,8,10,2.25712728500366
2017,8,11,1.40861737728119
2017,8,12,0.14140559732914
2018,1,1,140.554901123047
2018,1,2,1.52770411968231
2018,1,3,0.621154189109802
2018,1,4,0.372925221920013
2018,1,5,0.0576590560376644
2018,1,6,1.89215624332428
2018,1,7,0
2018,1,8,0
2018,1,9,0.0272285751998425
2018,1,10,0.100892402231693
2018,1,11,0.00143504072912037
2018,1,12,3.48248286172748e-4
2018,2,1,135.821166992188
2018,2,2,7.43428134918213
2018,2,3,3.83992123603821
2018,2,4,2.20147490501404
2018,2,5,0.533199012279511
2018,2,6,23.9458160400391
2018,2,7,0
2018,2,8,0.00448149396106601
2018,2,9,0.141397953033447
2018,2,10,1.8027092218399
2018,2,11,0.0296927951276302
2018,2,12,0.0138510717079043
2018,3,1,73.4999618530273
2018,3,2,19.0162448883057
2018,3,3,19.363733291626
2018,3,4,10.5071334838867
2018,3,5,4.73949146270752
2018,3,6,159.320831298828
2018,3,7,0.0434000678360462
2018,3,8,0.220838859677315
2018,3,9,0.494720309972763
2018,3,10,6.69477939605713
2018,3,11,0.292827546596527
2018,3,12,0.312903225421906
2018,4,1,21.6750812530518
2018,4,2,16.7864170074463
2018,4,3,28.8159942626953
2018,4,4,14.5714054107666
2018,4,5,8.31232070922852
2018,4,6,185.919494628906
2018,4,7,0.141782313585281
2018,4,8,1.38717591762543
2018,4,9,0.945527255535126
2018,4,10,6.5694580078125
2018,4,11,0.509513556957245
2018,4,12,1.1412478685379
2018,5,1,19.807336807251
2018,5,2,14.2053451538086
2018,5,3,45.5440826416016
2018,5,4,21.3038291931152
2018,5,5,19.4038238525391
2018,5,6,153.767532348633
2018,5,7,1.85062980651855
2018,5,8,5.29667663574219
2018,5,9,2.06265783309937
2018,5,10,5.12569522857666
2018,5,11,0.510894894599915
2018,5,12,1.63784241676331
2018,6,1,5.97467613220215
2018,6,2,3.96952962875366
2018,6,3,26.8894386291504
2018,6,4,13.2823991775513
2018,6,5,16.4010982513428
2018,6,6,43.3821411132813
2018,6,7,4.13818502426147
2018,6,8,6.96141195297241
2018,6,9,1.10764193534851
2018,6,10,4.96111488342285
2018,6,11,0.116107031702995
2018,6,12,0.370415866374969
2018,7,1,2.28288745880127
2018,7,2,0.385265499353409
2018,7,3,19.3524894714355
2018,7,4,12.2695865631104
2018,7,5,5.19699287414551
2018,7,6,9.31144714355469
2018,7,7,8.88166427612305
2018,7,8,6.59171581268311
2018,7,9,2.39911246299744
2018,7,10,1.55356121063232
2018,7,11,0.0408972539007664
2018,7,12,0.144830495119095
2018,8,1,1.48189330101013
2018,8,2,0.187801852822304
2018,8,3,20.4084930419922
2018,8,4,16.6475162506104
2018,8,5,3.20704293251038
2018,8,6,5.38004541397095
2018,8,7,37.312084197998
2018,8,8,11.0786237716675
2018,8,9,2.32749271392822
2018,8,10,2.25712728500366
2018,8,11,1.40861737728119
2018,8,12,0.14140559732914
2019,1,1,140.554901123047
2019,1,2,1.52770411968231
2019,1,3,0.621154189109802
2019,1,4,0.372925221920013
2019,1,5,0.0576590560376644
2019,1,6,1.89215624332428
2019,1,7,0
2019,1,8,0
2019,1,9,0.0272285751998425
2019,1,10,0.100892402231693
2019,1,11,0.00143504072912037
2019,1,12,3.48248286172748e-4
2019,2,1,135.821166992188
2019,2,2,7.43428134918213
2019,2,3,3.83992123603821
2019,2,4,2.20147490501404
2019,2,5,0.533199012279511
2019,2,6,23.9458160400391
2019,2,7,0
2019,2,8,0.00448149396106601
2019,2,9,0.141397953033447
2019,2,10,1.8027092218399
2019,2,11,0.0296927951276302
2019,2,12,0.0138510717079043
2019,3,1,73.4999618530273
2019,3,2,19.0162448883057
2019,3,3,19.363733291626
2019,3,4,10.5071334838867
2019,3,5,4.73949146270752
2019,3,6,159.320831298828
2019,3,7,0.0434000678360462
2019,3,8,0.220838859677315
2019,3,9,0.494720309972763
2019,3,10,6.69477939605713
2019,3,11,0.292827546596527
2019,3,12,0.312903225421906
2019,4,1,21.6750812530518
2019,4,2,16.7864170074463
2019,4,3,28.8159942626953
2019,4,4,14.5714054107666
2019,4,5,8.31232070922852
2019,4,6,185.919494628906
2019,4,7,0.141782313585281
2019,4,8,1.38717591762543
2019,4,9,0.945527255535126
2019,4,10,6.5694580078125
2019,4,11,0.509513556957245
2019,4,12,1.1412478685379
2019,5,1,19.807336807251
2019,5,2,14.2053451538086
2019,5,3,45.5440826416016
2019,5,4,21.3038291931152
2019,5,5,19.4038238525391
2019,5,6,153.767532348633
2019,5,7,1.85062980651855
2019,5,8,5.29667663574219
2019,5,9,2.06265783309937
2019,5,10,5.12569522857666
2019,5,11,0.510894894599915
2019,5,12,1.63784241676331
2019,6,1,5.97467613220215
2019,6,2,3.96952962875366
2019,6,3,26.8894386291504
2019,6,4,13.2823991775513
2019,6,5,16.4010982513428
2019,6,6,43.3821411132813
2019,6,7,4.13818502426147
2019,6,8,6.96141195297241
2019,6,9,1.10764193534851
2019,6,10,4.96111488342285
2019,6,11,0.116107031702995
2019,6,12,0.370415866374969
2019,7,1,2.28288745880127
2019,7,2,0.385265499353409
2019,7,3,19.3524894714355
2019,7,4,12.2695865631104
2019,7,5,5.19699287414551
2019,7,6,9.31144714355469
2019,7,7,8.88166427612305
2019,7,8,6.59171581268311
2019,7,9,2.39911246299744
2019,7,10,1.55356121063232
2019,7,11,0.0408972539007664
2019,7,12,0.144830495119095
2019,8,1,1.48189330101013
2019,8,2,0.187801852822304
2019,8,3,20.4084930419922
2019,8,4,16.6475162506104
2019,8,5,3.20704293251038
2019,8,6,5.38004541397095
2019,8,7,37.312084197998
2019,8,8,11.0786237716675
2019,8,9,2.32749271392822
2019,8,10,2.25712728500366
2019,8,11,1.40861737728119
2019,8,12,0.14140559732914
2020,1,1,140.952529907227
2020,1,2,1.72652006149292
2020,1,3,0.434924274682999
2020,1,4,0
2020,1,5,0.0576590560376644
2020,1,6,1.89215624332428
2020,1,7,0
2020,1,8,0
2020,1,9,0.0272285751998425
2020,1,10,0.100892402231693
2020,1,11,0.00143504072912037
2020,1,12,3.48248286172748e-4
2020,2,1,144.213195800781
2020,2,2,15.8263053894043
2020,2,3,3.62483787536621
2020,2,4,0
2020,2,5,0.533199012279511
2020,2,6,9.57832622528076
2020,2,7,0
2020,2,8,0.00448149396106601
2020,2,9,0.141397953033447
2020,2,10,1.8027092218399
2020,2,11,0.0296927951276302
2020,2,12,0.0138510717079043
2020,3,1,89.4320449829102
2020,3,2,56.8545837402344
2020,3,3,56.8115730285645
2020,3,4,0
2020,3,5,4.73949146270752
2020,3,6,79.6604156494141
2020,3,7,0.0434000678360462
2020,3,8,0.220838859677315
2020,3,9,0.494720309972763
2020,3,10,6.69477939605713
2020,3,11,0.292827546596527
2020,3,12,0.312903225421906
2020,4,1,21.6750812530518
2020,4,2,21.1251564025879
2020,4,3,41.6447448730469
2020,4,4,30.2490730285645
2020,4,5,12.6510610580444
2020,4,6,148.735595703125
2020,4,7,0.141782313585281
2020,4,8,1.38717591762543
2020,4,9,0.945527255535126
2020,4,10,6.5694580078125
2020,4,11,0.509513556957245
2020,4,12,1.1412478685379
2020,5,1,19.807336807251
2020,5,2,14.2053451538086
2020,5,3,77.3569259643555
2020,5,4,52.5870056152344
2020,5,5,19.4038238525391
2020,5,6,92.2605209350586
2020,5,7,1.85062980651855
2020,5,8,3.7076735496521
2020,5,9,2.06265783309937
2020,5,10,5.12569522857666
2020,5,11,0.510894894599915
2020,5,12,1.63784241676331
2020,6,1,5.97467613220215
2020,6,2,3.96952962875366
2020,6,3,26.8894386291504
2020,6,4,13.2823991775513
2020,6,5,16.4010982513428
2020,6,6,43.3821411132813
2020,6,7,4.13818502426147
2020,6,8,6.96141195297241
2020,6,9,1.10764193534851
2020,6,10,4.96111488342285
2020,6,11,0.116107031702995
2020,6,12,0.370415866374969
2020,7,1,2.28288745880127
2020,7,2,0.385265499353409
2020,7,3,19.3524894714355
2020,7,4,12.2695865631104
2020,7,5,5.19699287414551
2020,7,6,9.31144714355469
2020,7,7,8.88166427612305
2020,7,8,6.59171581268311
2020,7,9,2.39911246299744
2020,7,10,1.55356121063232
2020,7,11,0.0408972539007664
2020,7,12,0.144830495119095
2020,8,1,1.48189330101013
2020,8,2,0.187801852822304
2020,8,3,20.4084930419922
2020,8,4,16.6475162506104
2020,8,5,3.20704293251038
2020,8,6,5.38004541397095
2020,8,7,37.312084197998
2020,8,8,11.0786237716675
2020,8,9,2.32749271392822
2020,8,10,2.25712728500366
2020,8,11,1.40861737728119
2020,8,12,0.14140559732914
2021,1,1,140.753723144531
2021,1,2,1.62711203098297
2021,1,3,0.695855617523193
2021,1,4,0
2021,1,5,0.0576590560376644
2021,1,6,1.89215624332428
2021,1,7,0
2021,1,8,0
2021,1,9,0.0272285751998425
2021,1,10,0.100892402231693
2021,1,11,0.00143504072912037
2021,1,12,3.48248286172748e-4
2021,2,1,141.818603515625
2021,2,2,12.8275842666626
2021,2,3,4.22897720336914
2021,2,4,0
2021,2,5,0.533199012279511
2021,2,6,14.3674898147583
2021,2,7,0
2021,2,8,0.00448149396106601
2021,2,9,0.141397953033447
2021,2,10,1.8027092218399
2021,2,11,0.0296927951276302
2021,2,12,0.0138510717079043
2021,3,1,89.4320449829102
2021,3,2,37.9354133605957
2021,3,3,59.2733001708984
2021,3,4,0
2021,3,5,4.73949146270752
2021,3,6,95.5924987792969
2021,3,7,0.0434000678360462
2021,3,8,0.220838859677315
2021,3,9,0.494720309972763
2021,3,10,6.69477939605713
2021,3,11,0.292827546596527
2021,3,12,0.312903225421906
2021,4,1,21.6750812530518
2021,4,2,18.9557876586914
2021,4,3,35.2303695678711
2021,4,4,22.4102401733398
2021,4,5,10.4816904067993
2021,4,6,167.327545166016
2021,4,7,0.141782313585281
2021,4,8,1.38717591762543
2021,4,9,0.945527255535126
2021,4,10,6.5694580078125
2021,4,11,0.509513556957245
2021,4,12,1.1412478685379
2021,5,1,19.807336807251
2021,5,2,14.2053451538086
2021,5,3,61.4505043029785
2021,5,4,37.2102508544922
2021,5,5,19.4038238525391
2021,5,6,123.014030456543
2021,5,7,1.85062980651855
2021,5,8,4.23734140396118
2021,5,9,2.06265783309937
2021,5,10,5.12569522857666
2021,5,11,0.510894894599915
2021,5,12,1.63784241676331
2021,6,1,5.97467613220215
2021,6,2,3.96952962875366
2021,6,3,26.8894386291504
2021,6,4,13.2823991775513
2021,6,5,16.4010982513428
2021,6,6,43.3821411132813
2021,6,7,4.13818502426147
2021,6,8,6.96141195297241
2021,6,9,1.10764193534851
2021,6,10,4.96111488342285
2021,6,11,0.116107031702995
2021,6,12,0.370415866374969
2021,7,1,2.28288745880127
2021,7,2,0.385265499353409
2021,7,3,19.3524894714355
2021,7,4,12.2695865631104
2021,7,5,5.19699287414551
2021,7,6,9.31144714355469
2021,7,7,8.88166427612305
2021,7,8,6.59171581268311
2021,7,9,2.39911246299744
2021,7,10,1.55356121063232
2021,7,11,0.0408972539007664
2021,7,12,0.144830495119095
2021,8,1,1.48189330101013
2021,8,2,0.187801852822304
2021,8,3,20.4084930419922
2021,8,4,16.6475162506104
2021,8,5,3.20704293251038
2021,8,6,5.38004541397095
2021,8,7,37.312084197998
2021,8,8,11.0786237716675
2021,8,9,2.32749271392822
2021,8,10,2.25712728500366
2021,8,11,1.40861737728119
2021,8,12,0.14140559732914
2022,1,1,140.589126586914
2022,1,2,1.54263973236084
2022,1,3,0.603761851787567
2022,1,4,0.365713775157928
2022,1,5,0.0728667303919792
2022,1,6,1.85431313514709
2022,1,7,0
2022,1,8,0
2022,1,9,0.0272285751998425
2022,1,10,0.0989754498004913
2022,1,11,0.00143504072912037
2022,1,12,3.48248286172748e-4
2022,2,1,136.130111694336
2022,2,2,7.89856672286987
2022,2,3,3.8013072013855
2022,2,4,2.22020649909973
2022,2,5,0.840281963348389
2022,2,6,22.9161472320557
2022,2,7,0
2022,2,8,0.00448149396106601
2022,2,9,0.141397953033447
2022,2,10,1.77206313610077
2022,2,11,0.0296927951276302
2022,2,12,0.0137402629479766
2022,3,1,73.1974868774414
2022,3,2,20.4207210540771
2022,3,3,20.2641620635986
2022,3,4,11.1729097366333
2022,3,5,6.67955160140991
2022,3,6,154.859848022461
2022,3,7,0.0434000678360462
2022,3,8,0.220838859677315
2022,3,9,0.494720309972763
2022,3,10,6.54749393463135
2022,3,11,0.292827546596527
2022,3,12,0.312903225421906
2022,4,1,21.6750812530518
2022,4,2,16.7921028137207
2022,4,3,29.0804004669189
2022,4,4,15.7243776321411
2022,4,5,9.98221778869629
2022,4,6,182.944793701172
2022,4,7,0.141782313585281
2022,4,8,1.38717591762543
2022,4,9,0.945527255535126
2022,4,10,6.45120763778687
2022,4,11,0.509513556957245
2022,4,12,1.1412478685379
2022,5,1,19.807336807251
2022,5,2,14.2053451538086
2022,5,3,45.9802513122559
2022,5,4,21.8402366638184
2022,5,5,20.0496482849121
2022,5,6,151.15348815918
2022,5,7,1.85062980651855
2022,5,8,5.29667663574219
2022,5,9,3.0988872051239
2022,5,10,5.09494113922119
2022,5,11,0.510894894599915
2022,5,12,1.62801539897919
2022,6,1,5.97467613220215
2022,6,2,3.96952962875366
2022,6,3,26.7281017303467
2022,6,4,13.1495752334595
2022,6,5,16.4010982513428
2022,6,6,43.3821411132813
2022,6,7,4.13818502426147
2022,6,8,6.96141195297241
2022,6,9,1.40180253982544
2022,6,10,4.96111488342285
2022,6,11,0.116107031702995
2022,6,12,0.370415866374969
2022,7,1,2.28288745880127
2022,7,2,0.385265499353409
2022,7,3,19.178316116333
2022,7,4,12.2927322387695
2022,7,5,5.19699287414551
2022,7,6,9.31144714355469
2022,7,7,8.88166427612305
2022,7,8,6.59171581268311
2022,7,9,2.55013990402222
2022,7,10,1.55356121063232
2022,7,11,0.0408972539007664
2022,7,12,0.144830495119095
2022,8,1,1.48189330101013
2022,8,2,0.187801852822304
2022,8,3,20.224817276001
2022,8,4,16.6829700469971
2022,8,5,3.20704293251038
2022,8,6,5.38004541397095
2022,8,7,37.312084197998
2022,8,8,11.0786237716675
2022,8,9,2.47571682929993
2022,8,10,2.25712728500366
2022,8,11,1.40861737728119
2022,8,12,0.14140559732914
2023,1,1,140.606231689453
2023,1,2,1.55010759830475
2023,1,3,0.595065712928772
2023,1,4,0.362108081579208
2023,1,5,0.0804705619812012
2023,1,6,1.83539164066315
2023,1,7,0
2023,1,8,0
2023,1,9,0.0272285751998425
2023,1,10,0.0980169698596001
2023,1,11,0.00143504072912037
2023,1,12,3.48248286172748e-4
2023,2,1,136.284576416016
2023,2,2,8.13070964813232
2023,2,3,3.78200030326843
2023,2,4,2.22957229614258
2023,2,5,0.99382346868515
2023,2,6,22.4013118743896
2023,2,7,0
2023,2,8,0.00448149396106601
2023,2,9,0.141397953033447
2023,2,10,1.7567400932312
2023,2,11,0.0296927951276302
2023,2,12,0.0136848585680127
2023,3,1,73.046257019043
2023,3,2,21.1229610443115
2023,3,3,20.7143745422363
2023,3,4,11.5057983398438
2023,3,5,7.64958190917969
2023,3,6,152.629364013672
2023,3,7,0.0434000678360462
2023,3,8,0.220838859677315
2023,3,9,0.494720309972763
2023,3,10,6.47385168075562
2023,3,11,0.292827546596527
2023,3,12,0.312903225421906
2023,4,1,21.6750812530518
2023,4,2,16.7949447631836
2023,4,3,29.2126045227051
2023,4,4,16.3008651733398
2023,4,5,10.8171663284302
2023,4,6,181.457427978516
2023,4,7,0.141782313585281
2023,4,8,1.38717591762543
2023,4,9,0.945527255535126
2023,4,10,6.39208269119263
2023,4,11,0.509513556957245
2023,4,12,1.1412478685379
2023,5,1,19.807336807251
2023,5,2,14.2053451538086
2023,5,3,46.1983375549316
2023,5,4,22.1084384918213
2023,5,5,20.3725605010986
2023,5,6,149.846466064453
2023,5,7,1.85062980651855
2023,5,8,5.29667663574219
2023,5,9,3.61700177192688
2023,5,10,5.07956409454346
2023,5,11,0.510894894599915
2023,5,12,1.62310183048248
2023,6,1,5.97467613220215
2023,6,2,3.96952962875366
2023,6,3,26.6474342346191
2023,6,4,13.0831632614136
2023,6,5,16.4010982513428
2023,6,6,43.3821411132813
2023,6,7,4.13818502426147
2023,6,8,6.96141195297241
2023,6,9,1.5488828420639
2023,6,10,4.96111488342285
2023,6,11,0.116107031702995
2023,6,12,0.370415866374969
2023,7,1,2.28288745880127
2023,7,2,0.385265499353409
2023,7,3,19.0912303924561
2023,7,4,12.3043041229248
2023,7,5,5.19699287414551
2023,7,6,9.31144714355469
2023,7,7,8.88166427612305
2023,7,8,6.59171581268311
2023,7,9,2.6256537437439
2023,7,10,1.55356121063232
2023,7,11,0.0408972539007664
2023,7,12,0.144830495119095
2023,8,1,1.48189330101013
2023,8,2,0.187801852822304
2023,8,3,20.1329784393311
2023,8,4,16.7006950378418
2023,8,5,3.20704293251038
2023,8,6,5.38004541397095
2023,8,7,37.312084197998
2023,8,8,11.0786237716675
2023,8,9,2.54982876777649
2023,8,10,2.25712728500366
2023,8,11,1.40861737728119
2023,8,12,0.14140559732914
2024,1,1,140.623336791992
2024,1,2,1.55757534503937
2024,1,3,0.586369574069977
2024,1,4,0.358502358198166
2024,1,5,0.0880744010210037
2024,1,6,1.81646990776062
2024,1,7,0
2024,1,8,0
2024,1,9,0.0272285751998425
2024,1,10,0.0970584899187088
2024,1,11,0.00143504072912037
2024,1,12,3.48248286172748e-4
2024,2,1,136.439056396484
2024,2,2,8.36285209655762
2024,2,3,3.76269316673279
2024,2,4,2.23893809318542
2024,2,5,1.14736497402191
2024,2,6,21.886474609375
2024,2,7,0
2024,2,8,0.00448149396106601
2024,2,9,0.141397953033447
2024,2,10,1.74141716957092
2024,2,11,0.0296927951276302
2024,2,12,0.0136294551193714
2024,3,1,72.89501953125
2024,3,2,21.8251991271973
2024,3,3,21.164587020874
2024,3,4,11.8386859893799
2024,3,5,8.6196117401123
2024,3,6,150.398864746094
2024,3,7,0.0434000678360462
2024,3,8,0.220838859677315
2024,3,9,0.494720309972763
2024,3,10,6.40020895004272
2024,3,11,0.292827546596527
2024,3,12,0.312903225421906
2024,4,1,21.6750812530518
2024,4,2,16.7977886199951
2024,4,3,29.3448066711426
2024,4,4,16.8773517608643
2024,4,5,11.6521148681641
2024,4,6,179.970062255859
2024,4,7,0.141782313585281
2024,4,8,1.38717591762543
2024,4,9,0.945527255535126
2024,4,10,6.33295726776123
2024,4,11,0.509513556957245
2024,4,12,1.1412478685379
2024,5,1,19.807336807251
2024,5,2,14.2053451538086
2024,5,3,46.4164199829102
2024,5,4,22.3766403198242
2024,5,5,20.6954727172852
2024,5,6,148.539443969727
2024,5,7,1.85062980651855
2024,5,8,5.29667663574219
2024,5,9,4.13511657714844
2024,5,10,5.06418657302856
2024,5,11,0.510894894599915
2024,5,12,1.61818826198578
2024,6,1,5.97467613220215
2024,6,2,3.96952962875366
2024,6,3,26.566764831543
2024,6,4,13.0167512893677
2024,6,5,16.4010982513428
2024,6,6,43.3821411132813
2024,6,7,4.13818502426147
2024,6,8,6.96141195297241
2024,6,9,1.69596314430237
2024,6,10,4.96111488342285
2024,6,11,0.116107031702995
2024,6,12,0.370415866374969
2024,7,1,2.28288745880127
2024,7,2,0.385265499353409
2024,7,3,19.0041446685791
2024,7,4,12.3158769607544
2024,7,5,5.19699287414551
2024,7,6,9.31144714355469
2024,7,7,8.88166427612305
2024,7,8,6.59171581268311
2024,7,9,2.701167345047
2024,7,10,1.55356121063232
2024,7,11,0.0408972539007664
2024,7,12,0.144830495119095
2024,8,1,1.48189330101013
2024,8,2,0.187801852822304
2024,8,3,20.0411396026611
2024,8,4,16.7184200286865
2024,8,5,3.20704293251038
2024,8,6,5.38004541397095
2024,8,7,37.312084197998
2024,8,8,11.0786237716675
2024,8,9,2.62394070625305
2024,8,10,2.25712728500366
2024,8,11,1.40861737728119
2024,8,12,0.14140559732914
2025,1,1,140.64045715332
2025,1,2,1.56504321098328
2025,1,3,0.577673375606537
2025,1,4,0.354896634817123
2025,1,5,0.0956782400608063
2025,1,6,1.79754841327667
2025,1,7,0
2025,1,8,0
2025,1,9,0.0272285751998425
2025,1,10,0.0961000099778175
2025,1,11,0.00143504072912037
2025,1,12,3.48248286172748e-4
2025,2,1,136.593521118164
2025,2,2,8.59499454498291
2025,2,3,3.74338626861572
2025,2,4,2.24830389022827
2025,2,5,1.30090641975403
2025,2,6,21.3716411590576
2025,2,7,0
2025,2,8,0.00448149396106601
2025,2,9,0.141397953033447
2025,2,10,1.72609400749207
2025,2,11,0.0296927951276302
2025,2,12,0.0135740507394075
2025,3,1,72.743782043457
2025,3,2,22.527437210083
2025,3,3,21.6147994995117
2025,3,4,12.171573638916
2025,3,5,9.58964252471924
2025,3,6,148.168380737305
2025,3,7,0.0434000678360462
2025,3,8,0.220838859677315
2025,3,9,0.494720309972763
2025,3,10,6.32656669616699
2025,3,11,0.292827546596527
2025,3,12,0.312903225421906
2025,4,1,21.6750812530518
2025,4,2,16.800630569458
2025,4,3,29.4770107269287
2025,4,4,17.4538383483887
2025,4,5,12.4870634078979
2025,4,6,178.482711791992
2025,4,7,0.141782313585281
2025,4,8,1.38717591762543
2025,4,9,0.945527255535126
2025,4,10,6.27383232116699
2025,4,11,0.509513556957245
2025,4,12,1.1412478685379
2025,5,1,19.807336807251
2025,5,2,14.2053451538086
2025,5,3,46.6345062255859
2025,5,4,22.6448459625244
2025,5,5,21.0183849334717
2025,5,6,147.232406616211
2025,5,7,1.85062980651855
2025,5,8,5.29667663574219
2025,5,9,4.65323114395142
2025,5,10,5.04881000518799
2025,5,11,0.510894894599915
2025,5,12,1.61327481269836
2025,6,1,5.97467613220215
2025,6,2,3.96952962875366
2025,6,3,26.4860973358154
2025,6,4,12.9503393173218
2025,6,5,16.4010982513428
2025,6,6,43.3821411132813
2025,6,7,4.13818502426147
2025,6,8,6.96141195297241
2025,6,9,1.84304344654083
2025,6,10,4.96111488342285
2025,6,11,0.116107031702995
2025,6,12,0.370415866374969
2025,7,1,2.28288745880127
2025,7,2,0.385265499353409
2025,7,3,18.9170589447021
2025,7,4,12.3274488449097
2025,7,5,5.19699287414551
2025,7,6,9.31144714355469
2025,7,7,8.88166427612305
2025,7,8,6.59171581268311
2025,7,9,2.77668118476868
2025,7,10,1.55356121063232
2025,7,11,0.0408972539007664
2025,7,12,0.144830495119095
2025,8,1,1.48189330101013
2025,8,2,0.187801852822304
2025,8,3,19.9493026733398
2025,8,4,16.7361469268799
2025,8,5,3.20704293251038
2025,8,6,5.38004541397095
2025,8,7,37.312084197998
2025,8,8,11.0786237716675
2025,8,9,2.69805288314819
2025,8,10,2.25712728500366
2025,8,11,1.40861737728119
2025,8,12,0.14140559732914
2026,1,1,140.657562255859
2026,1,2,1.57251107692719
2026,1,3,0.568977236747742
2026,1,4,0.351290911436081
2026,1,5,0.103282071650028
2026,1,6,1.77862691879272
2026,1,7,0
2026,1,8,0
2026,1,9,0.0272285751998425
2026,1,10,0.0951415374875069
2026,1,11,0.00143504072912037
2026,1,12,3.48248286172748e-4
2026,2,1,136.747985839844
2026,2,2,8.8271369934082
2026,2,3,3.72407913208008
2026,2,4,2.25766968727112
2026,2,5,1.45444786548615
2026,2,6,20.8568058013916
2026,2,7,0
2026,2,8,0.00448149396106601
2026,2,9,0.141397953033447
2026,2,10,1.71077108383179
2026,2,11,0.0296927951276302
2026,2,12,0.0135186463594437
2026,3,1,72.5925445556641
2026,3,2,23.2296752929688
2026,3,3,22.065013885498
2026,3,4,12.5044622421265
2026,3,5,10.5596723556519
2026,3,6,145.937881469727
2026,3,7,0.0434000678360462
2026,3,8,0.220838859677315
2026,3,9,0.494720309972763
2026,3,10,6.2529239654541
2026,3,11,0.292827546596527
2026,3,12,0.312903225421906
2026,4,1,21.6750812530518
2026,4,2,16.8034744262695
2026,4,3,29.6092147827148
2026,4,4,18.0303230285645
2026,4,5,13.3220119476318
2026,4,6,176.995361328125
2026,4,7,0.141782313585281
2026,4,8,1.38717591762543
2026,4,9,0.945527255535126
2026,4,10,6.21470737457275
2026,4,11,0.509513556957245
2026,4,12,1.1412478685379
2026,5,1,19.807336807251
2026,5,2,14.2053451538086
2026,5,3,46.8525886535645
2026,5,4,22.9130477905273
2026,5,5,21.3412971496582
2026,5,6,145.925384521484
2026,5,7,1.85062980651855
2026,5,8,5.29667663574219
2026,5,9,5.17134571075439
2026,5,10,5.0334324836731
2026,5,11,0.510894894599915
2026,5,12,1.60836124420166
2026,6,1,5.97467613220215
2026,6,2,3.96952962875366
2026,6,3,26.4054279327393
2026,6,4,12.8839273452759
2026,6,5,16.4010982513428
2026,6,6,43.3821411132813
2026,6,7,4.13818502426147
2026,6,8,6.96141195297241
2026,6,9,1.9901237487793
2026,6,10,4.96111488342285
2026,6,11,0.116107031702995
2026,6,12,0.370415866374969
2026,7,1,2.28288745880127
2026,7,2,0.385265499353409
2026,7,3,18.8299713134766
2026,7,4,12.3390207290649
2026,7,5,5.19699287414551
2026,7,6,9.31144714355469
2026,7,7,8.88166427612305
2026,7,8,6.59171581268311
2026,7,9,2.85219478607178
2026,7,10,1.55356121063232
2026,7,11,0.0408972539007664
2026,7,12,0.144830495119095
2026,8,1,1.48189330101013
2026,8,2,0.187801852822304
2026,8,3,19.8574638366699
2026,8,4,16.7538738250732
2026,8,5,3.20704293251038
2026,8,6,5.38004541397095
2026,8,7,37.312084197998
2026,8,8,11.0786237716675
2026,8,9,2.77216482162476
2026,8,10,2.25712728500366
2026,8,11,1.40861737728119
2026,8,12,0.14140559732914
2027,1,1,140.674667358398
2027,1,2,1.5799788236618
2027,1,3,0.560281097888947
2027,1,4,0.347685188055038
2027,1,5,0.110885910689831
2027,1,6,1.75970530509949
2027,1,7,0
2027,1,8,0
2027,1,9,0.0272285751998425
2027,1,10,0.0941830575466156
2027,1,11,0.00143504072912037
2027,1,12,3.48248286172748e-4
2027,2,1,136.902465820313
2027,2,2,9.0592794418335
2027,2,3,3.70477247238159
2027,2,4,2.26703548431396
2027,2,5,1.60798943042755
2027,2,6,20.3419704437256
2027,2,7,0
2027,2,8,0.00448149396106601
2027,2,9,0.141397953033447
2027,2,10,1.69544804096222
2027,2,11,0.0296927951276302
2027,2,12,0.0134632419794798
2027,3,1,72.4413070678711
2027,3,2,23.9319133758545
2027,3,3,22.5152282714844
2027,3,4,12.8373508453369
2027,3,5,11.5297021865845
2027,3,6,143.707397460938
2027,3,7,0.0434000678360462
2027,3,8,0.220838859677315
2027,3,9,0.494720309972763
2027,3,10,6.17928123474121
2027,3,11,0.292827546596527
2027,3,12,0.312903225421906
2027,4,1,21.6750812530518
2027,4,2,16.8063163757324
2027,4,3,29.7414169311523
2027,4,4,18.6068115234375
2027,4,5,14.1569604873657
2027,4,6,175.508010864258
2027,4,7,0.141782313585281
2027,4,8,1.38717591762543
2027,4,9,0.945527255535126
2027,4,10,6.15558195114136
2027,4,11,0.509513556957245
2027,4,12,1.1412478685379
2027,5,1,19.807336807251
2027,5,2,14.2053451538086
2027,5,3,47.0706787109375
2027,5,4,23.1812496185303
2027,5,5,21.6642093658447
2027,5,6,144.618362426758
2027,5,7,1.85062980651855
2027,5,8,5.29667663574219
2027,5,9,5.68946027755737
2027,5,10,5.01805543899536
2027,5,11,0.510894894599915
2027,5,12,1.60344767570496
2027,6,1,5.97467613220215
2027,6,2,3.96952962875366
2027,6,3,26.3247604370117
2027,6,4,12.8175144195557
2027,6,5,16.4010982513428
2027,6,6,43.3821411132813
2027,6,7,4.13818502426147
2027,6,8,6.96141195297241
2027,6,9,2.13720417022705
2027,6,10,4.96111488342285
2027,6,11,0.116107031702995
2027,6,12,0.370415866374969
2027,7,1,2.28288745880127
2027,7,2,0.385265499353409
2027,7,3,18.7428855895996
2027,7,4,12.3505935668945
2027,7,5,5.19699287414551
2027,7,6,9.31144714355469
2027,7,7,8.88166427612305
2027,7,8,6.59171581268311
2027,7,9,2.92770862579346
2027,7,10,1.55356121063232
2027,7,11,0.0408972539007664
2027,7,12,0.144830495119095
2027,8,1,1.48189330101013
2027,8,2,0.187801852822304
2027,8,3,19.765625
2027,8,4,16.7716007232666
2027,8,5,3.20704293251038
2027,8,6,5.38004541397095
2027,8,7,37.312084197998
2027,8,8,11.0786237716675
2027,8,9,2.84627676010132
2027,8,10,2.25712728500366
2027,8,11,1.40861737728119
2027,8,12,0.14140559732914
2028,1,1,140.691787719727
2028,1,2,1.58744668960571
2028,1,3,0.551584899425507
2028,1,4,0.344079494476318
2028,1,5,0.118489749729633
2028,1,6,1.74078381061554
2028,1,7,0
2028,1,8,0
2028,1,9,0.0272285751998425
2028,1,10,0.0932245850563049
2028,1,11,0.00143504072912037
2028,1,12,3.48248286172748e-4
2028,2,1,137.056930541992
2028,2,2,9.29142284393311
2028,2,3,3.68546557426453
2028,2,4,2.27640151977539
2028,2,5,1.76153087615967
2028,2,6,19.8271350860596
2028,2,7,0
2028,2,8,0.00448149396106601
2028,2,9,0.141397953033447
2028,2,10,1.68012499809265
2028,2,11,0.0296927951276302
2028,2,12,0.0134078375995159
2028,3,1,72.2900772094727
2028,3,2,24.6341533660889
2028,3,3,22.9654426574707
2028,3,4,13.170238494873
2028,3,5,12.4997329711914
2028,3,6,141.476898193359
2028,3,7,0.0434000678360462
2028,3,8,0.220838859677315
2028,3,9,0.494720309972763
2028,3,10,6.10563898086548
2028,3,11,0.292827546596527
2028,3,12,0.312903225421906
2028,4,1,21.6750812530518
2028,4,2,16.8091583251953
2028,4,3,29.8736209869385
2028,4,4,19.1832962036133
2028,4,5,14.9919090270996
2028,4,6,174.020645141602
2028,4,7,0.141782313585281
2028,4,8,1.38717591762543
2028,4,9,0.945527255535126
2028,4,10,6.09645700454712
2028,4,11,0.509513556957245
2028,4,12,1.1412478685379
2028,5,1,19.807336807251
2028,5,2,14.2053451538086
2028,5,3,47.2887649536133
2028,5,4,23.4494552612305
2028,5,5,21.9871215820313
2028,5,6,143.311340332031
2028,5,7,1.85062980651855
2028,5,8,5.29667663574219
2028,5,9,6.20757484436035
2028,5,10,5.00267839431763
2028,5,11,0.510894894599915
2028,5,12,1.59853422641754
2028,6,1,5.97467613220215
2028,6,2,3.96952962875366
2028,6,3,26.2440929412842
2028,6,4,12.7511034011841
2028,6,5,16.4010982513428
2028,6,6,43.3821411132813
2028,6,7,4.13818502426147
2028,6,8,6.96141195297241
2028,6,9,2.28428435325623
2028,6,10,4.96111488342285
2028,6,11,0.116107031702995
2028,6,12,0.370415866374969
2028,7,1,2.28288745880127
2028,7,2,0.385265499353409
2028,7,3,18.6557998657227
2028,7,4,12.3621664047241
2028,7,5,5.19699287414551
2028,7,6,9.31144714355469
2028,7,7,8.88166427612305
2028,7,8,6.59171581268311
2028,7,9,3.00322246551514
2028,7,10,1.55356121063232
2028,7,11,0.0408972539007664
2028,7,12,0.144830495119095
2028,8,1,1.48189330101013
2028,8,2,0.187801852822304
2028,8,3,19.6737861633301
2028,8,4,16.78932762146
2028,8,5,3.20704293251038
2028,8,6,5.38004541397095
2028,8,7,37.312084197998
2028,8,8,11.0786237716675
2028,8,9,2.92038893699646
2028,8,10,2.25712728500366
2028,8,11,1.40861737728119
2028,8,12,0.14140559732914
2029,1,1,140.708892822266
2029,1,2,1.59491455554962
2029,1,3,0.542888760566711
2029,1,4,0.340473771095276
2029,1,5,0.126093581318855
2029,1,6,1.72186207771301
2029,1,7,0
2029,1,8,0
2029,1,9,0.0272285751998425
2029,1,10,0.0922661051154137
2029,1,11,0.00143504072912037
2029,1,12,3.48248286172748e-4
2029,2,1,137.211395263672
2029,2,2,9.5235652923584
2029,2,3,3.6661581993103
2029,2,4,2.28576707839966
2029,2,5,1.91507232189178
2029,2,6,19.3123016357422
2029,2,7,0
2029,2,8,0.00448149396106601
2029,2,9,0.141397953033447
2029,2,10,1.66480195522308
2029,2,11,0.0296927951276302
2029,2,12,0.013352433219552
2029,3,1,72.1388320922852
2029,3,2,25.3363914489746
2029,3,3,23.4156551361084
2029,3,4,13.5031270980835
2029,3,5,13.4697618484497
2029,3,6,139.24641418457
2029,3,7,0.0434000678360462
2029,3,8,0.220838859677315
2029,3,9,0.494720309972763
2029,3,10,6.03199625015259
2029,3,11,0.292827546596527
2029,3,12,0.312903225421906
2029,4,1,21.6750812530518
2029,4,2,16.8120021820068
2029,4,3,30.0058250427246
2029,4,4,19.7597827911377
2029,4,5,15.8268575668335
2029,4,6,172.533279418945
2029,4,7,0.141782313585281
2029,4,8,1.38717591762543
2029,4,9,0.945527255535126
2029,4,10,6.03733158111572
2029,4,11,0.509513556957245
2029,4,12,1.1412478685379
2029,5,1,19.807336807251
2029,5,2,14.2053451538086
2029,5,3,47.5068435668945
2029,5,4,23.7176570892334
2029,5,5,22.3100337982178
2029,5,6,142.004318237305
2029,5,7,1.85062980651855
2029,5,8,5.29667663574219
2029,5,9,6.72568988800049
2029,5,10,4.98730134963989
2029,5,11,0.510894894599915
2029,5,12,1.59362065792084
2029,6,1,5.97467613220215
2029,6,2,3.96952962875366
2029,6,3,26.163423538208
2029,6,4,12.6846914291382
2029,6,5,16.4010982513428
2029,6,6,43.3821411132813
2029,6,7,4.13818502426147
2029,6,8,6.96141195297241
2029,6,9,2.43136477470398
2029,6,10,4.96111488342285
2029,6,11,0.116107031702995
2029,6,12,0.370415866374969
2029,7,1,2.28288745880127
2029,7,2,0.385265499353409
2029,7,3,18.5687141418457
2029,7,4,12.3737392425537
2029,7,5,5.19699287414551
2029,7,6,9.31144714355469
2029,7,7,8.88166427612305
2029,7,8,6.59171581268311
2029,7,9,3.07873606681824
2029,7,10,1.55356121063232
2029,7,11,0.0408972539007664
2029,7,12,0.144830495119095
2029,8,1,1.48189330101013
2029,8,2,0.187801852822304
2029,8,3,19.5819492340088
2029,8,4,16.8070507049561
2029,8,5,3.20704293251038
2029,8,6,5.38004541397095
2029,8,7,37.312084197998
2029,8,8,11.0786237716675
2029,8,9,2.99450087547302
2029,8,10,2.25712728500366
2029,8,11,1.40861737728119
2029,8,12,0.14140559732914
2030,1,1,140.725997924805
2030,1,2,1.60238230228424
2030,1,3,0.534192621707916
2030,1,4,0.336868047714233
2030,1,5,0.133697420358658
2030,1,6,1.70294058322906
2030,1,7,0
2030,1,8,0
2030,1,9,0.0272285751998425
2030,1,10,0.0913076177239418
2030,1,11,0.00143504072912037
2030,1,12,3.48248286172748e-4
2030,2,1,137.365875244141
2030,2,2,9.75570774078369
2030,2,3,3.64685130119324
2030,2,4,2.29513311386108
2030,2,5,2.0686137676239
2030,2,6,18.7974643707275
2030,2,7,0
2030,2,8,0.00448149396106601
2030,2,9,0.141397953033447
2030,2,10,1.64947903156281
2030,2,11,0.0296927951276302
2030,2,12,0.0132970288395882
2030,3,1,71.9876022338867
2030,3,2,26.038631439209
2030,3,3,23.8658695220947
2030,3,4,13.8360157012939
2030,3,5,14.4397926330566
2030,3,6,137.015914916992
2030,3,7,0.0434000678360462
2030,3,8,0.220838859677315
2030,3,9,0.494720309972763
2030,3,10,5.9583535194397
2030,3,11,0.292827546596527
2030,3,12,0.312903225421906
2030,4,1,21.6750812530518
2030,4,2,16.8148441314697
2030,4,3,30.1380290985107
2030,4,4,20.3362693786621
2030,4,5,16.6618061065674
2030,4,6,171.045944213867
2030,4,7,0.141782313585281
2030,4,8,1.38717591762543
2030,4,9,0.945527255535126
2030,4,10,5.97820711135864
2030,4,11,0.509513556957245
2030,4,12,1.1412478685379
2030,5,1,19.807336807251
2030,5,2,14.2053451538086
2030,5,3,47.7249298095703
2030,5,4,23.9858589172363
2030,5,5,22.6329460144043
2030,5,6,140.697296142578
2030,5,7,1.85062980651855
2030,5,8,5.29667663574219
2030,5,9,7.24380445480347
2030,5,10,4.97192430496216
2030,5,11,0.510894894599915
2030,5,12,1.58870720863342
2030,6,1,5.97467613220215
2030,6,2,3.96952962875366
2030,6,3,26.0827560424805
2030,6,4,12.6182794570923
2030,6,5,16.4010982513428
2030,6,6,43.3821411132813
2030,6,7,4.13818502426147
2030,6,8,6.96141195297241
2030,6,9,2.57844495773315
2030,6,10,4.96111488342285
2030,6,11,0.116107031702995
2030,6,12,0.370415866374969
2030,7,1,2.28288745880127
2030,7,2,0.385265499353409
2030,7,3,18.4816265106201
2030,7,4,12.3853120803833
2030,7,5,5.19699287414551
2030,7,6,9.31144714355469
2030,7,7,8.88166427612305
2030,7,8,6.59171581268311
2030,7,9,3.15424990653992
2030,7,10,1.55356121063232
2030,7,11,0.0408972539007664
2030,7,12,0.144830495119095
2030,8,1,1.48189330101013
2030,8,2,0.187801852822304
2030,8,3,19.4901103973389
2030,8,4,16.8247776031494
2030,8,5,3.20704293251038
2030,8,6,5.38004541397095
2030,8,7,37.312084197998
2030,8,8,11.0786237716675
2030,8,9,3.06861281394959
2030,8,10,2.25712728500366
2030,8,11,1.40861737728119
2030,8,12,0.14140559732914
2031,1,1,140.733154296875
2031,1,2,1.60565006732941
2031,1,3,0.529068112373352
2031,1,4,0.336960673332214
2031,1,5,0.13829505443573
2031,1,6,1.69347977638245
2031,1,7,0
2031,1,8,0
2031,1,9,0.0272285751998425
2031,1,10,0.0907779410481453
2031,1,11,0.00143504072912037
2031,1,12,3.48248286172748e-4
2031,2,1,137.443115234375
2031,2,2,9.87178611755371
2031,2,3,3.64917087554932
2031,2,4,2.31399035453796
2031,2,5,2.11923718452454
2031,2,6,18.5400485992432
2031,2,7,0
2031,2,8,0.00448149396106601
2031,2,9,0.141397953033447
2031,2,10,1.64181745052338
2031,2,11,0.0296927951276302
2031,2,12,0.0132554760202765
2031,3,1,71.9258728027344
2031,3,2,26.4252166748047
2031,3,3,23.9540386199951
2031,3,4,13.9795389175415
2031,3,5,15.213041305542
2031,3,6,135.741348266602
2031,3,7,0.0434000678360462
2031,3,8,0.220838859677315
2031,3,9,0.494720309972763
2031,3,10,5.90312147140503
2031,3,11,0.292827546596527
2031,3,12,0.312903225421906
2031,4,1,21.6750812530518
2031,4,2,16.8379592895508
2031,4,3,30.106559753418
2031,4,4,20.6635723114014
2031,4,5,17.0329933166504
2031,4,6,170.395217895508
2031,4,7,0.141782313585281
2031,4,8,1.38717591762543
2031,4,9,0.945527255535126
2031,4,10,5.93878984451294
2031,4,11,0.509513556957245
2031,4,12,1.1412478685379
2031,5,1,19.807336807251
2031,5,2,14.2053451538086
2031,5,3,47.8889007568359
2031,5,4,24.1878318786621
2031,5,5,22.8764114379883
2031,5,6,139.620910644531
2031,5,7,1.85062980651855
2031,5,8,5.29667663574219
2031,5,9,7.7284951210022
2031,5,10,4.95910978317261
2031,5,11,0.510894894599915
2031,5,12,1.58379364013672
2031,6,1,5.97467613220215
2031,6,2,3.96952962875366
2031,6,3,25.9886417388916
2031,6,4,12.5850734710693
2031,6,5,16.4010982513428
2031,6,6,43.3821411132813
2031,6,7,4.13818502426147
2031,6,8,6.96141195297241
2031,6,9,2.70576405525208
2031,6,10,4.96111488342285
2031,6,11,0.116107031702995
2031,6,12,0.370415866374969
2031,7,1,2.28288745880127
2031,7,2,0.385265499353409
2031,7,3,18.3800277709961
2031,7,4,12.4272089004517
2031,7,5,5.19699287414551
2031,7,6,9.31144714355469
2031,7,7,8.88166427612305
2031,7,8,6.59171581268311
2031,7,9,3.21395254135132
2031,7,10,1.55356121063232
2031,7,11,0.0408972539007664
2031,7,12,0.144830495119095
2031,8,1,1.48189330101013
2031,8,2,0.187801852822304
2031,8,3,19.4084758758545
2031,8,4,16.8508281707764
2031,8,5,3.20704293251038
2031,8,6,5.38004541397095
2031,8,7,37.312084197998
2031,8,8,11.0786237716675
2031,8,9,3.12419700622559
2031,8,10,2.25712728500366
2031,8,11,1.40861737728119
2031,8,12,0.14140559732914
2032,1,1,140.740310668945
2032,1,2,1.60891783237457
2032,1,3,0.523943543434143
2032,1,4,0.337053328752518
2032,1,5,0.142892688512802
2032,1,6,1.68401908874512
2032,1,7,0
2032,1,8,0
2032,1,9,0.0272285751998425
2032,1,10,0.0902482569217682
2032,1,11,0.00143504072912037
2032,1,12,3.48248286172748e-4
2032,2,1,137.520355224609
2032,2,2,9.98786449432373
2032,2,3,3.65149021148682
2032,2,4,2.33284759521484
2032,2,5,2.16986060142517
2032,2,6,18.2826290130615
2032,2,7,0
2032,2,8,0.00448149396106601
2032,2,9,0.141397953033447
2032,2,10,1.63415586948395
2032,2,11,0.0296927951276302
2032,2,12,0.0132139222696424
2032,3,1,71.864143371582
2032,3,2,26.8118019104004
2032,3,3,24.0422096252441
2032,3,4,14.1230630874634
2032,3,5,15.9862899780273
2032,3,6,134.466781616211
2032,3,7,0.0434000678360462
2032,3,8,0.220838859677315
2032,3,9,0.494720309972763
2032,3,10,5.84788990020752
2032,3,11,0.292827546596527
2032,3,12,0.312903225421906
2032,4,1,21.6750812530518
2032,4,2,16.8610744476318
2032,4,3,30.0750904083252
2032,4,4,20.9908752441406
2032,4,5,17.4041805267334
2032,4,6,169.744491577148
2032,4,7,0.141782313585281
2032,4,8,1.38717591762543
2032,4,9,0.945527255535126
2032,4,10,5.89937353134155
2032,4,11,0.509513556957245
2032,4,12,1.1412478685379
2032,5,1,19.807336807251
2032,5,2,14.2053451538086
2032,5,3,48.0528755187988
2032,5,4,24.3898029327393
2032,5,5,23.1198768615723
2032,5,6,138.544555664063
2032,5,7,1.85062980651855
2032,5,8,5.29667663574219
2032,5,9,8.21318531036377
2032,5,10,4.94629573822021
2032,5,11,0.510894894599915
2032,5,12,1.57888007164001
2032,6,1,5.97467613220215
2032,6,2,3.96952962875366
2032,6,3,25.8945293426514
2032,6,4,12.5518674850464
2032,6,5,16.4010982513428
2032,6,6,43.3821411132813
2032,6,7,4.13818502426147
2032,6,8,6.96141195297241
2032,6,9,2.833083152771
2032,6,10,4.96111488342285
2032,6,11,0.116107031702995
2032,6,12,0.370415866374969
2032,7,1,2.28288745880127
2032,7,2,0.385265499353409
2032,7,3,18.2784271240234
2032,7,4,12.4691066741943
2032,7,5,5.19699287414551
2032,7,6,9.31144714355469
2032,7,7,8.88166427612305
2032,7,8,6.59171581268311
2032,7,9,3.27365517616272
2032,7,10,1.55356121063232
2032,7,11,0.0408972539007664
2032,7,12,0.144830495119095
2032,8,1,1.48189330101013
2032,8,2,0.187801852822304
2032,8,3,19.3268432617188
2032,8,4,16.8768787384033
2032,8,5,3.20704293251038
2032,8,6,5.38004541397095
2032,8,7,37.312084197998
2032,8,8,11.0786237716675
2032,8,9,3.17978096008301
2032,8,10,2.25712728500366
2032,8,11,1.40861737728119
2032,8,12,0.14140559732914
2033,1,1,140.747467041016
2033,1,2,1.61218559741974
2033,1,3,0.518819034099579
2033,1,4,0.337145984172821
2033,1,5,0.147490322589874
2033,1,6,1.6745582818985
2033,1,7,0
2033,1,8,0
2033,1,9,0.0272285751998425
2033,1,10,0.0897185653448105
2033,1,11,0.00143504072912037
2033,1,12,3.48248286172748e-4
2033,2,1,137.597595214844
2033,2,2,10.1039428710938
2033,2,3,3.65380954742432
2033,2,4,2.3517050743103
2033,2,5,2.22048401832581
2033,2,6,18.0252132415771
2033,2,7,0
2033,2,8,0.00448149396106601
2033,2,9,0.141397953033447
2033,2,10,1.62649440765381
2033,2,11,0.0296927951276302
2033,2,12,0.0131723685190082
2033,3,1,71.8024139404297
2033,3,2,27.1983890533447
2033,3,3,24.1303787231445
2033,3,4,14.2665863037109
2033,3,5,16.7595386505127
2033,3,6,133.19221496582
2033,3,7,0.0434000678360462
2033,3,8,0.220838859677315
2033,3,9,0.494720309972763
2033,3,10,5.79265785217285
2033,3,11,0.292827546596527
2033,3,12,0.312903225421906
2033,4,1,21.6750812530518
2033,4,2,16.8841896057129
2033,4,3,30.0436191558838
2033,4,4,21.3181781768799
2033,4,5,17.7753658294678
2033,4,6,169.093780517578
2033,4,7,0.141782313585281
2033,4,8,1.38717591762543
2033,4,9,0.945527255535126
2033,4,10,5.85995674133301
2033,4,11,0.509513556957245
2033,4,12,1.1412478685379
2033,5,1,19.807336807251
2033,5,2,14.2053451538086
2033,5,3,48.2168502807617
2033,5,4,24.5917739868164
2033,5,5,23.3633422851563
2033,5,6,137.468170166016
2033,5,7,1.85062980651855
2033,5,8,5.29667663574219
2033,5,9,8.6978759765625
2033,5,10,4.93348169326782
2033,5,11,0.510894894599915
2033,5,12,1.5739666223526
2033,6,1,5.97467613220215
2033,6,2,3.96952962875366
2033,6,3,25.8004169464111
2033,6,4,12.5186614990234
2033,6,5,16.4010982513428
2033,6,6,43.3821411132813
2033,6,7,4.13818502426147
2033,6,8,6.96141195297241
2033,6,9,2.96040225028992
2033,6,10,4.96111488342285
2033,6,11,0.116107031702995
2033,6,12,0.370415866374969
2033,7,1,2.28288745880127
2033,7,2,0.385265499353409
2033,7,3,18.1768264770508
2033,7,4,12.511004447937
2033,7,5,5.19699287414551
2033,7,6,9.31144714355469
2033,7,7,8.88166427612305
2033,7,8,6.59171581268311
2033,7,9,3.33335781097412
2033,7,10,1.55356121063232
2033,7,11,0.0408972539007664
2033,7,12,0.144830495119095
2033,8,1,1.48189330101013
2033,8,2,0.187801852822304
2033,8,3,19.2452087402344
2033,8,4,16.9029293060303
2033,8,5,3.20704293251038
2033,8,6,5.38004541397095
2033,8,7,37.312084197998
2033,8,8,11.0786237716675
2033,8,9,3.23536491394043
2033,8,10,2.25712728500366
2033,8,11,1.40861737728119
2033,8,12,0.14140559732914
2034,1,1,140.754638671875
2034,1,2,1.6154533624649
2034,1,3,0.513694524765015
2034,1,4,0.337238609790802
2034,1,5,0.152087956666946
2034,1,6,1.66509747505188
2034,1,7,0
2034,1,8,0
2034,1,9,0.0272285751998425
2034,1,10,0.0891888812184334
2034,1,11,0.00143504072912037
2034,1,12,3.48248286172748e-4
2034,2,1,137.674835205078
2034,2,2,10.2200202941895
2034,2,3,3.6561291217804
2034,2,4,2.37056231498718
2034,2,5,2.27110767364502
2034,2,6,17.7677955627441
2034,2,7,0
2034,2,8,0.00448149396106601
2034,2,9,0.141397953033447
2034,2,10,1.61883282661438
2034,2,11,0.0296927951276302
2034,2,12,0.0131308166310191
2034,3,1,71.7406845092773
2034,3,2,27.5849742889404
2034,3,3,24.2185459136963
2034,3,4,14.4101095199585
2034,3,5,17.532787322998
2034,3,6,131.91764831543
2034,3,7,0.0434000678360462
2034,3,8,0.220838859677315
2034,3,9,0.494720309972763
2034,3,10,5.73742580413818
2034,3,11,0.292827546596527
2034,3,12,0.312903225421906
2034,4,1,21.6750812530518
2034,4,2,16.9073047637939
2034,4,3,30.0121517181396
2034,4,4,21.6454792022705
2034,4,5,18.1465530395508
2034,4,6,168.443069458008
2034,4,7,0.141782313585281
2034,4,8,1.38717591762543
2034,4,9,0.945527255535126
2034,4,10,5.8205394744873
2034,4,11,0.509513556957245
2034,4,12,1.1412478685379
2034,5,1,19.807336807251
2034,5,2,14.2053451538086
2034,5,3,48.3808212280273
2034,5,4,24.7937450408936
2034,5,5,23.6068077087402
2034,5,6,136.391799926758
2034,5,7,1.85062980651855
2034,5,8,5.29667663574219
2034,5,9,9.18256759643555
2034,5,10,4.92066717147827
2034,5,11,0.510894894599915
2034,5,12,1.5690530538559
2034,6,1,5.97467613220215
2034,6,2,3.96952962875366
2034,6,3,25.7063026428223
2034,6,4,12.4854555130005
2034,6,5,16.4010982513428
2034,6,6,43.3821411132813
2034,6,7,4.13818502426147
2034,6,8,6.96141195297241
2034,6,9,3.08772110939026
2034,6,10,4.96111488342285
2034,6,11,0.116107031702995
2034,6,12,0.370415866374969
2034,7,1,2.28288745880127
2034,7,2,0.385265499353409
2034,7,3,18.0752258300781
2034,7,4,12.5529022216797
2034,7,5,5.19699287414551
2034,7,6,9.31144714355469
2034,7,7,8.88166427612305
2034,7,8,6.59171581268311
2034,7,9,3.3930606842041
2034,7,10,1.55356121063232
2034,7,11,0.0408972539007664
2034,7,12,0.144830495119095
2034,8,1,1.48189330101013
2034,8,2,0.187801852822304
2034,8,3,19.1635761260986
2034,8,4,16.92897605896
2034,8,5,3.20704293251038
2034,8,6,5.38004541397095
2034,8,7,37.312084197998
2034,8,8,11.0786237716675
2034,8,9,3.29094886779785
2034,8,10,2.25712728500366
2034,8,11,1.40861737728119
2034,8,12,0.14140559732914
2035,1,1,140.761795043945
2035,1,2,1.61872112751007
2035,1,3,0.50857001543045
2035,1,4,0.337331265211105
2035,1,5,0.156685590744019
2035,1,6,1.65563666820526
2035,1,7,0
2035,1,8,0
2035,1,9,0.0272285751998425
2035,1,10,0.0886592045426369
2035,1,11,0.00143504072912037
2035,1,12,3.48248286172748e-4
2035,2,1,137.752090454102
2035,2,2,10.3360986709595
2035,2,3,3.6584484577179
2035,2,4,2.38941955566406
2035,2,5,2.32173109054565
2035,2,6,17.5103778839111
2035,2,7,0
2035,2,8,0.00448149396106601
2035,2,9,0.141397953033447
2035,2,10,1.61117136478424
2035,2,11,0.0296927951276302
2035,2,12,0.0130892628803849
2035,3,1,71.678955078125
2035,3,2,27.9715614318848
2035,3,3,24.3067188262939
2035,3,4,14.5536336898804
2035,3,5,18.3060340881348
2035,3,6,130.643081665039
2035,3,7,0.0434000678360462
2035,3,8,0.220838859677315
2035,3,9,0.494720309972763
2035,3,10,5.68219375610352
2035,3,11,0.292827546596527
2035,3,12,0.312903225421906
2035,4,1,21.6750812530518
2035,4,2,16.930419921875
2035,4,3,29.9806823730469
2035,4,4,21.9727840423584
2035,4,5,18.5177383422852
2035,4,6,167.792343139648
2035,4,7,0.141782313585281
2035,4,8,1.38717591762543
2035,4,9,0.945527255535126
2035,4,10,5.78112316131592
2035,4,11,0.509513556957245
2035,4,12,1.1412478685379
2035,5,1,19.807336807251
2035,5,2,14.2053451538086
2035,5,3,48.5447959899902
2035,5,4,24.9957160949707
2035,5,5,23.8502731323242
2035,5,6,135.3154296875
2035,5,7,1.85062980651855
2035,5,8,5.29667663574219
2035,5,9,9.66725826263428
2035,5,10,4.90785312652588
2035,5,11,0.510894894599915
2035,5,12,1.56413948535919
2035,6,1,5.97467613220215
2035,6,2,3.96952962875366
2035,6,3,25.612190246582
2035,6,4,12.4522495269775
2035,6,5,16.4010982513428
2035,6,6,43.3821411132813
2035,6,7,4.13818502426147
2035,6,8,6.96141195297241
2035,6,9,3.21504020690918
2035,6,10,4.96111488342285
2035,6,11,0.116107031702995
2035,6,12,0.370415866374969
2035,7,1,2.28288745880127
2035,7,2,0.385265499353409
2035,7,3,17.9736232757568
2035,7,4,12.5947999954224
2035,7,5,5.19699287414551
2035,7,6,9.31144714355469
2035,7,7,8.88166427612305
2035,7,8,6.59171581268311
2035,7,9,3.4527633190155
2035,7,10,1.55356121063232
2035,7,11,0.0408972539007664
2035,7,12,0.144830495119095
2035,8,1,1.48189330101013
2035,8,2,0.187801852822304
2035,8,3,19.0819416046143
2035,8,4,16.9550285339355
2035,8,5,3.20704293251038
2035,8,6,5.38004541397095
2035,8,7,37.312084197998
2035,8,8,11.0786237716675
2035,8,9,3.34653306007385
2035,8,10,2.25712728500366
2035,8,11,1.40861737728119
2035,8,12,0.14140559732914
2036,1,1,140.768951416016
2036,1,2,1.62198889255524
2036,1,3,0.503445506095886
2036,1,4,0.337423920631409
2036,1,5,0.161283224821091
2036,1,6,1.64617598056793
2036,1,7,0
2036,1,8,0
2036,1,9,0.0272285751998425
2036,1,10,0.0881295129656792
2036,1,11,0.00143504072912037
2036,1,12,3.48248286172748e-4
2036,2,1,137.829330444336
2036,2,2,10.4521770477295
2036,2,3,3.66076803207397
2036,2,4,2.40827679634094
2036,2,5,2.37235450744629
2036,2,6,17.2529602050781
2036,2,7,0
2036,2,8,0.00448149396106601
2036,2,9,0.141397953033447
2036,2,10,1.6035099029541
2036,2,11,0.0296927951276302
2036,2,12,0.0130477100610733
2036,3,1,71.6172180175781
2036,3,2,28.3581466674805
2036,3,3,24.3948860168457
2036,3,4,14.6971569061279
2036,3,5,19.0792827606201
2036,3,6,129.368515014648
2036,3,7,0.0434000678360462
2036,3,8,0.220838859677315
2036,3,9,0.494720309972763
2036,3,10,5.62696218490601
2036,3,11,0.292827546596527
2036,3,12,0.312903225421906
2036,4,1,21.6750812530518
2036,4,2,16.9535350799561
2036,4,3,29.9492111206055
2036,4,4,22.300085067749
2036,4,5,18.8889255523682
2036,4,6,167.141616821289
2036,4,7,0.141782313585281
2036,4,8,1.38717591762543
2036,4,9,0.945527255535126
2036,4,10,5.74170637130737
2036,4,11,0.509513556957245
2036,4,12,1.1412478685379
2036,5,1,19.807336807251
2036,5,2,14.2053451538086
2036,5,3,48.7087669372559
2036,5,4,25.1976871490479
2036,5,5,24.0937385559082
2036,5,6,134.239059448242
2036,5,7,1.85062980651855
2036,5,8,5.29667663574219
2036,5,9,10.1519479751587
2036,5,10,4.89503908157349
2036,5,11,0.510894894599915
2036,5,12,1.55922603607178
2036,6,1,5.97467613220215
2036,6,2,3.96952962875366
2036,6,3,25.5180778503418
2036,6,4,12.4190435409546
2036,6,5,16.4010982513428
2036,6,6,43.3821411132813
2036,6,7,4.13818502426147
2036,6,8,6.96141195297241
2036,6,9,3.3423593044281
2036,6,10,4.96111488342285
2036,6,11,0.116107031702995
2036,6,12,0.370415866374969
2036,7,1,2.28288745880127
2036,7,2,0.385265499353409
2036,7,3,17.8720245361328
2036,7,4,12.636697769165
2036,7,5,5.19699287414551
2036,7,6,9.31144714355469
2036,7,7,8.88166427612305
2036,7,8,6.59171581268311
2036,7,9,3.5124659538269
2036,7,10,1.55356121063232
2036,7,11,0.0408972539007664
2036,7,12,0.144830495119095
2036,8,1,1.48189330101013
2036,8,2,0.187801852822304
2036,8,3,19.0003070831299
2036,8,4,16.9810771942139
2036,8,5,3.20704293251038
2036,8,6,5.38004541397095
2036,8,7,37.312084197998
2036,8,8,11.0786237716675
2036,8,9,3.40211701393127
2036,8,10,2.25712728500366
2036,8,11,1.40861737728119
2036,8,12,0.14140559732914
2037,1,1,140.776107788086
2037,1,2,1.62525653839111
2037,1,3,0.498320966959
2037,1,4,0.337516605854034
2037,1,5,0.165880858898163
2037,1,6,1.63671517372131
2037,1,7,0
2037,1,8,0
2037,1,9,0.0272285751998425
2037,1,10,0.0875998288393021
2037,1,11,0.00143504072912037
2037,1,12,3.48248286172748e-4
2037,2,1,137.90657043457
2037,2,2,10.5682554244995
2037,2,3,3.66308736801147
2037,2,4,2.42713403701782
2037,2,5,2.42297792434692
2037,2,6,16.9955425262451
2037,2,7,0
2037,2,8,0.00448149396106601
2037,2,9,0.141397953033447
2037,2,10,1.59584832191467
2037,2,11,0.0296927951276302
2037,2,12,0.0130061563104391
2037,3,1,71.5554885864258
2037,3,2,28.7447357177734
2037,3,3,24.4830589294434
2037,3,4,14.8406810760498
2037,3,5,19.8525314331055
2037,3,6,128.093948364258
2037,3,7,0.0434000678360462
2037,3,8,0.220838859677315
2037,3,9,0.494720309972763
2037,3,10,5.57173013687134
2037,3,11,0.292827546596527
2037,3,12,0.312903225421906
2037,4,1,21.6750812530518
2037,4,2,16.9766502380371
2037,4,3,29.9177398681641
2037,4,4,22.6273899078369
2037,4,5,19.2601127624512
2037,4,6,166.490905761719
2037,4,7,0.141782313585281
2037,4,8,1.38717591762543
2037,4,9,0.945527255535126
2037,4,10,5.70228958129883
2037,4,11,0.509513556957245
2037,4,12,1.1412478685379
2037,5,1,19.807336807251
2037,5,2,14.2053451538086
2037,5,3,48.8727416992188
2037,5,4,25.399658203125
2037,5,5,24.3372039794922
2037,5,6,133.162689208984
2037,5,7,1.85062980651855
2037,5,8,5.29667663574219
2037,5,9,10.6366395950317
2037,5,10,4.88222455978394
2037,5,11,0.510894894599915
2037,5,12,1.55431246757507
2037,6,1,5.97467613220215
2037,6,2,3.96952962875366
2037,6,3,25.4239654541016
2037,6,4,12.3858375549316
2037,6,5,16.4010982513428
2037,6,6,43.3821411132813
2037,6,7,4.13818502426147
2037,6,8,6.96141195297241
2037,6,9,3.46967840194702
2037,6,10,4.96111488342285
2037,6,11,0.116107031702995
2037,6,12,0.370415866374969
2037,7,1,2.28288745880127
2037,7,2,0.385265499353409
2037,7,3,17.7704238891602
2037,7,4,12.678596496582
2037,7,5,5.19699287414551
2037,7,6,9.31144714355469
2037,7,7,8.88166427612305
2037,7,8,6.59171581268311
2037,7,9,3.57216882705688
2037,7,10,1.55356121063232
2037,7,11,0.0408972539007664
2037,7,12,0.144830495119095
2037,8,1,1.48189330101013
2037,8,2,0.187801852822304
2037,8,3,18.9186725616455
2037,8,4,17.0071277618408
2037,8,5,3.20704293251038
2037,8,6,5.38004541397095
2037,8,7,37.312084197998
2037,8,8,11.0786237716675
2037,8,9,3.4577009677887
2037,8,10,2.25712728500366
2037,8,11,1.40861737728119
2037,8,12,0.14140559732914
2038,1,1,140.783264160156
2038,1,2,1.62852430343628
2038,1,3,0.493196457624435
2038,1,4,0.337609201669693
2038,1,5,0.170478478074074
2038,1,6,1.62725436687469
2038,1,7,0
2038,1,8,0
2038,1,9,0.0272285751998425
2038,1,10,0.0870701372623444
2038,1,11,0.00143504072912037
2038,1,12,3.48248286172748e-4
2038,2,1,137.983810424805
2038,2,2,10.6843338012695
2038,2,3,3.66540670394897
2038,2,4,2.44599151611328
2038,2,5,2.47360134124756
2038,2,6,16.7381248474121
2038,2,7,0
2038,2,8,0.00448149396106601
2038,2,9,0.141397953033447
2038,2,10,1.58818674087524
2038,2,11,0.0296927951276302
2038,2,12,0.0129646025598049
2038,3,1,71.4937591552734
2038,3,2,29.1313228607178
2038,3,3,24.5712261199951
2038,3,4,14.9842042922974
2038,3,5,20.6257820129395
2038,3,6,126.819381713867
2038,3,7,0.0434000678360462
2038,3,8,0.220838859677315
2038,3,9,0.494720309972763
2038,3,10,5.51649808883667
2038,3,11,0.292827546596527
2038,3,12,0.312903225421906
2038,4,1,21.6750812530518
2038,4,2,16.9997653961182
2038,4,3,29.8862724304199
2038,4,4,22.9546909332275
2038,4,5,19.6312999725342
2038,4,6,165.840194702148
2038,4,7,0.141782313585281
2038,4,8,1.38717591762543
2038,4,9,0.945527255535126
2038,4,10,5.66287279129028
2038,4,11,0.509513556957245
2038,4,12,1.1412478685379
2038,5,1,19.807336807251
2038,5,2,14.2053451538086
2038,5,3,49.0367126464844
2038,5,4,25.6016292572021
2038,5,5,24.5806694030762
2038,5,6,132.086303710938
2038,5,7,1.85062980651855
2038,5,8,5.29667663574219
2038,5,9,11.1213302612305
2038,5,10,4.86941051483154
2038,5,11,0.510894894599915
2038,5,12,1.54939889907837
2038,6,1,5.97467613220215
2038,6,2,3.96952962875366
2038,6,3,25.3298511505127
2038,6,4,12.3526315689087
2038,6,5,16.4010982513428
2038,6,6,43.3821411132813
2038,6,7,4.13818502426147
2038,6,8,6.96141195297241
2038,6,9,3.59699726104736
2038,6,10,4.96111488342285
2038,6,11,0.116107031702995
2038,6,12,0.370415866374969
2038,7,1,2.28288745880127
2038,7,2,0.385265499353409
2038,7,3,17.6688232421875
2038,7,4,12.7204942703247
2038,7,5,5.19699287414551
2038,7,6,9.31144714355469
2038,7,7,8.88166427612305
2038,7,8,6.59171581268311
2038,7,9,3.63187146186829
2038,7,10,1.55356121063232
2038,7,11,0.0408972539007664
2038,7,12,0.144830495119095
2038,8,1,1.48189330101013
2038,8,2,0.187801852822304
2038,8,3,18.8370380401611
2038,8,4,17.0331783294678
2038,8,5,3.20704293251038
2038,8,6,5.38004541397095
2038,8,7,37.312084197998
2038,8,8,11.0786237716675
2038,8,9,3.5132851600647
2038,8,10,2.25712728500366
2038,8,11,1.40861737728119
2038,8,12,0.14140559732914
2039,1,1,140.790420532227
2039,1,2,1.63179206848145
2039,1,3,0.488071888685226
2039,1,4,0.337701857089996
2039,1,5,0.175076127052307
2039,1,6,1.61779367923737
2039,1,7,0
2039,1,8,0
2039,1,9,0.0272285751998425
2039,1,10,0.0865404605865479
2039,1,11,0.00143504072912037
2039,1,12,3.48248286172748e-4
2039,2,1,138.061050415039
2039,2,2,10.8004121780396
2039,2,3,3.66772627830505
2039,2,4,2.46484875679016
2039,2,5,2.52422475814819
2039,2,6,16.4807071685791
2039,2,7,0
2039,2,8,0.00448149396106601
2039,2,9,0.141397953033447
2039,2,10,1.5805252790451
2039,2,11,0.0296927951276302
2039,2,12,0.0129230497404933
2039,3,1,71.4320373535156
2039,3,2,29.5179080963135
2039,3,3,24.6593971252441
2039,3,4,15.1277275085449
2039,3,5,21.3990287780762
2039,3,6,125.544815063477
2039,3,7,0.0434000678360462
2039,3,8,0.220838859677315
2039,3,9,0.494720309972763
2039,3,10,5.46126651763916
2039,3,11,0.292827546596527
2039,3,12,0.312903225421906
2039,4,1,21.6750812530518
2039,4,2,17.0228805541992
2039,4,3,29.8548011779785
2039,4,4,23.2819938659668
2039,4,5,20.0024852752686
2039,4,6,165.189468383789
2039,4,7,0.141782313585281
2039,4,8,1.38717591762543
2039,4,9,0.945527255535126
2039,4,10,5.62345600128174
2039,4,11,0.509513556957245
2039,4,12,1.1412478685379
2039,5,1,19.807336807251
2039,5,2,14.2053451538086
2039,5,3,49.2006874084473
2039,5,4,25.8036022186279
2039,5,5,24.8241348266602
2039,5,6,131.00993347168
2039,5,7,1.85062980651855
2039,5,8,5.29667663574219
2039,5,9,11.6060199737549
2039,5,10,4.85659599304199
2039,5,11,0.510894894599915
2039,5,12,1.54448544979095
2039,6,1,5.97467613220215
2039,6,2,3.96952962875366
2039,6,3,25.2357387542725
2039,6,4,12.3194255828857
2039,6,5,16.4010982513428
2039,6,6,43.3821411132813
2039,6,7,4.13818502426147
2039,6,8,6.96141195297241
2039,6,9,3.72431635856628
2039,6,10,4.96111488342285
2039,6,11,0.116107031702995
2039,6,12,0.370415866374969
2039,7,1,2.28288745880127
2039,7,2,0.385265499353409
2039,7,3,17.5672225952148
2039,7,4,12.7623920440674
2039,7,5,5.19699287414551
2039,7,6,9.31144714355469
2039,7,7,8.88166427612305
2039,7,8,6.59171581268311
2039,7,9,3.69157409667969
2039,7,10,1.55356121063232
2039,7,11,0.0408972539007664
2039,7,12,0.144830495119095
2039,8,1,1.48189330101013
2039,8,2,0.187801852822304
2039,8,3,18.7554054260254
2039,8,4,17.0592288970947
2039,8,5,3.20704293251038
2039,8,6,5.38004541397095
2039,8,7,37.312084197998
2039,8,8,11.0786237716675
2039,8,9,3.56886911392212
2039,8,10,2.25712728500366
2039,8,11,1.40861737728119
2039,8,12,0.14140559732914
2040,1,1,140.797576904297
2040,1,2,1.63505983352661
2040,1,3,0.482947409152985
2040,1,4,0.337794542312622
2040,1,5,0.179673761129379
2040,1,6,1.60833287239075
2040,1,7,0
2040,1,8,0
2040,1,9,0.0272285751998425
2040,1,10,0.0860107764601707
2040,1,11,0.00143504072912037
2040,1,12,3.48248286172748e-4
2040,2,1,138.138290405273
2040,2,2,10.9164896011353
2040,2,3,3.67004537582397
2040,2,4,2.48370599746704
2040,2,5,2.57484817504883
2040,2,6,16.2232913970947
2040,2,7,0
2040,2,8,0.00448149396106601
2040,2,9,0.141397953033447
2040,2,10,1.57286381721497
2040,2,11,0.0296927951276302
2040,2,12,0.0128814969211817
2040,3,1,71.3703002929688
2040,3,2,29.9044952392578
2040,3,3,24.7475662231445
2040,3,4,15.2712507247925
2040,3,5,22.1722774505615
2040,3,6,124.270240783691
2040,3,7,0.0434000678360462
2040,3,8,0.220838859677315
2040,3,9,0.494720309972763
2040,3,10,5.40603446960449
2040,3,11,0.292827546596527
2040,3,12,0.312903225421906
2040,4,1,21.6750812530518
2040,4,2,17.0459957122803
2040,4,3,29.8233318328857
2040,4,4,23.6092987060547
2040,4,5,20.3736724853516
2040,4,6,164.538757324219
2040,4,7,0.141782313585281
2040,4,8,1.38717591762543
2040,4,9,0.945527255535126
2040,4,10,5.58403968811035
2040,4,11,0.509513556957245
2040,4,12,1.1412478685379
2040,5,1,19.807336807251
2040,5,2,14.2053451538086
2040,5,3,49.3646583557129
2040,5,4,26.0055732727051
2040,5,5,25.0676002502441
2040,5,6,129.933563232422
2040,5,7,1.85062980651855
2040,5,8,5.29667663574219
2040,5,9,12.0907115936279
2040,5,10,4.8437819480896
2040,5,11,0.510894894599915
2040,5,12,1.53957188129425
2040,6,1,5.97467613220215
2040,6,2,3.96952962875366
2040,6,3,25.1416244506836
2040,6,4,12.2862195968628
2040,6,5,16.4010982513428
2040,6,6,43.3821411132813
2040,6,7,4.13818502426147
2040,6,8,6.96141195297241
2040,6,9,3.85163545608521
2040,6,10,4.96111488342285
2040,6,11,0.116107031702995
2040,6,12,0.370415866374969
2040,7,1,2.28288745880127
2040,7,2,0.385265499353409
2040,7,3,17.4656219482422
2040,7,4,12.8042898178101
2040,7,5,5.19699287414551
2040,7,6,9.31144714355469
2040,7,7,8.88166427612305
2040,7,8,6.59171581268311
2040,7,9,3.75127696990967
2040,7,10,1.55356121063232
2040,7,11,0.0408972539007664
2040,7,12,0.144830495119095
2040,8,1,1.48189330101013
2040,8,2,0.187801852822304
2040,8,3,18.673770904541
2040,8,4,17.085277557373
2040,8,5,3.20704293251038
2040,8,6,5.38004541397095
2040,8,7,37.312084197998
2040,8,8,11.0786237716675
2040,8,9,3.62445306777954
2040,8,10,2.25712728500366
2040,8,11,1.40861737728119
2040,8,12,0.14140559732914
2041,1,1,140.804733276367
2041,1,2,1.63832759857178
2041,1,3,0.477822840213776
2041,1,4,0.337887167930603
2041,1,5,0.18427138030529
2041,1,6,1.59887206554413
2041,1,7,0
2041,1,8,0
2041,1,9,0.0272285751998425
2041,1,10,0.085481084883213
2041,1,11,0.00143504072912037
2041,1,12,3.48248286172748e-4
2041,2,1,138.215530395508
2041,2,2,11.0325679779053
2041,2,3,3.67236471176147
2041,2,4,2.5025634765625
2041,2,5,2.62547159194946
2041,2,6,15.9658727645874
2041,2,7,0
2041,2,8,0.00448149396106601
2041,2,9,0.141397953033447
2041,2,10,1.56520235538483
2041,2,11,0.0296927951276302
2041,2,12,0.0128399431705475
2041,3,1,71.3085708618164
2041,3,2,30.2910823822021
2041,3,3,24.8357372283936
2041,3,4,15.41477394104
2041,3,5,22.9455261230469
2041,3,6,122.995681762695
2041,3,7,0.0434000678360462
2041,3,8,0.220838859677315
2041,3,9,0.494720309972763
2041,3,10,5.35080242156982
2041,3,11,0.292827546596527
2041,3,12,0.312903225421906
2041,4,1,21.6750812530518
2041,4,2,17.0691108703613
2041,4,3,29.7918643951416
2041,4,4,23.9366016387939
2041,4,5,20.7448596954346
2041,4,6,163.888031005859
2041,4,7,0.141782313585281
2041,4,8,1.38717591762543
2041,4,9,0.945527255535126
2041,4,10,5.54462242126465
2041,4,11,0.509513556957245
2041,4,12,1.1412478685379
2041,5,1,19.807336807251
2041,5,2,14.2053451538086
2041,5,3,49.5286331176758
2041,5,4,26.2075443267822
2041,5,5,25.3110656738281
2041,5,6,128.857192993164
2041,5,7,1.85062980651855
2041,5,8,5.29667663574219
2041,5,9,12.5754013061523
2041,5,10,4.83096790313721
2041,5,11,0.510894894599915
2041,5,12,1.53465831279755
2041,6,1,5.97467613220215
2041,6,2,3.96952962875366
2041,6,3,25.0475120544434
2041,6,4,12.2530136108398
2041,6,5,16.4010982513428
2041,6,6,43.3821411132813
2041,6,7,4.13818502426147
2041,6,8,6.96141195297241
2041,6,9,3.97895431518555
2041,6,10,4.96111488342285
2041,6,11,0.116107031702995
2041,6,12,0.370415866374969
2041,7,1,2.28288745880127
2041,7,2,0.385265499353409
2041,7,3,17.3640213012695
2041,7,4,12.8461875915527
2041,7,5,5.19699287414551
2041,7,6,9.31144714355469
2041,7,7,8.88166427612305
2041,7,8,6.59171581268311
2041,7,9,3.81097960472107
2041,7,10,1.55356121063232
2041,7,11,0.0408972539007664
2041,7,12,0.144830495119095
2041,8,1,1.48189330101013
2041,8,2,0.187801852822304
2041,8,3,18.5921382904053
2041,8,4,17.111328125
2041,8,5,3.20704293251038
2041,8,6,5.38004541397095
2041,8,7,37.312084197998
2041,8,8,11.0786237716675
2041,8,9,3.68003702163696
2041,8,10,2.25712728500366
2041,8,11,1.40861737728119
2041,8,12,0.14140559732914
2042,1,1,140.811889648438
2042,1,2,1.64159536361694
2042,1,3,0.472698330879211
2042,1,4,0.337979823350906
2042,1,5,0.188869014382362
2042,1,6,1.58941125869751
2042,1,7,0
2042,1,8,0
2042,1,9,0.0272285751998425
2042,1,10,0.0849514007568359
2042,1,11,0.00143504072912037
2042,1,12,3.48248286172748e-4
2042,2,1,138.292785644531
2042,2,2,11.1486463546753
2042,2,3,3.67468428611755
2042,2,4,2.5214204788208
2042,2,5,2.67609524726868
2042,2,6,15.7084560394287
2042,2,7,0
2042,2,8,0.00448149396106601
2042,2,9,0.141397953033447
2042,2,10,1.5575407743454
2042,2,11,0.0296927951276302
2042,2,12,0.0127983903512359
2042,3,1,71.2468414306641
2042,3,2,30.6776676177979
2042,3,3,24.9239063262939
2042,3,4,15.5582981109619
2042,3,5,23.7187747955322
2042,3,6,121.721115112305
2042,3,7,0.0434000678360462
2042,3,8,0.220838859677315
2042,3,9,0.494720309972763
2042,3,10,5.29557037353516
2042,3,11,0.292827546596527
2042,3,12,0.312903225421906
2042,4,1,21.6750812530518
2042,4,2,17.0922260284424
2042,4,3,29.7603931427002
2042,4,4,24.2639026641846
2042,4,5,21.1160449981689
2042,4,6,163.237319946289
2042,4,7,0.141782313585281
2042,4,8,1.38717591762543
2042,4,9,0.945527255535126
2042,4,10,5.5052056312561
2042,4,11,0.509513556957245
2042,4,12,1.1412478685379
2042,5,1,19.807336807251
2042,5,2,14.2053451538086
2042,5,3,49.6926078796387
2042,5,4,26.4095153808594
2042,5,5,25.5545310974121
2042,5,6,127.780822753906
2042,5,7,1.85062980651855
2042,5,8,5.29667663574219
2042,5,9,13.0600929260254
2042,5,10,4.81815338134766
2042,5,11,0.510894894599915
2042,5,12,1.52974486351013
2042,6,1,5.97467613220215
2042,6,2,3.96952962875366
2042,6,3,24.9533977508545
2042,6,4,12.2198076248169
2042,6,5,16.4010982513428
2042,6,6,43.3821411132813
2042,6,7,4.13818502426147
2042,6,8,6.96141195297241
2042,6,9,4.10627317428589
2042,6,10,4.96111488342285
2042,6,11,0.116107031702995
2042,6,12,0.370415866374969
2042,7,1,2.28288745880127
2042,7,2,0.385265499353409
2042,7,3,17.2624206542969
2042,7,4,12.8880853652954
2042,7,5,5.19699287414551
2042,7,6,9.31144714355469
2042,7,7,8.88166427612305
2042,7,8,6.59171581268311
2042,7,9,3.87068223953247
2042,7,10,1.55356121063232
2042,7,11,0.0408972539007664
2042,7,12,0.144830495119095
2042,8,1,1.48189330101013
2042,8,2,0.187801852822304
2042,8,3,18.5105037689209
2042,8,4,17.137378692627
2042,8,5,3.20704293251038
2042,8,6,5.38004541397095
2042,8,7,37.312084197998
2042,8,8,11.0786237716675
2042,8,9,3.73562097549438
2042,8,10,2.25712728500366
2042,8,11,1.40861737728119
2042,8,12,0.14140559732914
2043,1,1,140.819046020508
2043,1,2,1.64486312866211
2043,1,3,0.467573791742325
2043,1,4,0.33807247877121
2043,1,5,0.193466648459435
2043,1,6,1.57995045185089
2043,1,7,0
2043,1,8,0
2043,1,9,0.0272285751998425
2043,1,10,0.0844217166304588
2043,1,11,0.00143504072912037
2043,1,12,3.48248286172748e-4
2043,2,1,138.370025634766
2043,2,2,11.2647247314453
2043,2,3,3.67700386047363
2043,2,4,2.54027795791626
2043,2,5,2.72671866416931
2043,2,6,15.4510364532471
2043,2,7,0
2043,2,8,0.00448149396106601
2043,2,9,0.141397953033447
2043,2,10,1.54987919330597
2043,2,11,0.0296927951276302
2043,2,12,0.0127568375319242
2043,3,1,71.1851119995117
2043,3,2,31.0642528533936
2043,3,3,25.012077331543
2043,3,4,15.7018222808838
2043,3,5,24.4920234680176
2043,3,6,120.446548461914
2043,3,7,0.0434000678360462
2043,3,8,0.220838859677315
2043,3,9,0.494720309972763
2043,3,10,5.24033880233765
2043,3,11,0.292827546596527
2043,3,12,0.312903225421906
2043,4,1,21.6750812530518
2043,4,2,17.1153411865234
2043,4,3,29.7289237976074
2043,4,4,24.5912075042725
2043,4,5,21.487232208252
2043,4,6,162.58659362793
2043,4,7,0.141782313585281
2043,4,8,1.38717591762543
2043,4,9,0.945527255535126
2043,4,10,5.46578931808472
2043,4,11,0.509513556957245
2043,4,12,1.1412478685379
2043,5,1,19.807336807251
2043,5,2,14.2053451538086
2043,5,3,49.8565788269043
2043,5,4,26.6114864349365
2043,5,5,25.7979984283447
2043,5,6,126.704444885254
2043,5,7,1.85062980651855
2043,5,8,5.29667663574219
2043,5,9,13.5447835922241
2043,5,10,4.80533933639526
2043,5,11,0.510894894599915
2043,5,12,1.52483129501343
2043,6,1,5.97467613220215
2043,6,2,3.96952962875366
2043,6,3,24.8592853546143
2043,6,4,12.1866016387939
2043,6,5,16.4010982513428
2043,6,6,43.3821411132813
2043,6,7,4.13818502426147
2043,6,8,6.96141195297241
2043,6,9,4.23359251022339
2043,6,10,4.96111488342285
2043,6,11,0.116107031702995
2043,6,12,0.370415866374969
2043,7,1,2.28288745880127
2043,7,2,0.385265499353409
2043,7,3,17.1608200073242
2043,7,4,12.9299831390381
2043,7,5,5.19699287414551
2043,7,6,9.31144714355469
2043,7,7,8.88166427612305
2043,7,8,6.59171581268311
2043,7,9,3.93038511276245
2043,7,10,1.55356121063232
2043,7,11,0.0408972539007664
2043,7,12,0.144830495119095
2043,8,1,1.48189330101013
2043,8,2,0.187801852822304
2043,8,3,18.4288692474365
2043,8,4,17.1634273529053
2043,8,5,3.20704293251038
2043,8,6,5.38004541397095
2043,8,7,37.312084197998
2043,8,8,11.0786237716675
2043,8,9,3.79120516777039
2043,8,10,2.25712728500366
2043,8,11,1.40861737728119
2043,8,12,0.14140559732914
2044,1,1,140.826202392578
2044,1,2,1.64813089370728
2044,1,3,0.462449282407761
2044,1,4,0.338165134191513
2044,1,5,0.198064282536507
2044,1,6,1.57048964500427
2044,1,7,0
2044,1,8,0
2044,1,9,0.0272285751998425
2044,1,10,0.0838920325040817
2044,1,11,0.00143504072912037
2044,1,12,3.48248286172748e-4
2044,2,1,138.447265625
2044,2,2,11.3808031082153
2044,2,3,3.67932319641113
2044,2,4,2.55913519859314
2044,2,5,2.77734208106995
2044,2,6,15.1936206817627
2044,2,7,0
2044,2,8,0.00448149396106601
2044,2,9,0.141397953033447
2044,2,10,1.54221773147583
2044,2,11,0.0296927951276302
2044,2,12,0.0127152837812901
2044,3,1,71.1233825683594
2044,3,2,31.4508399963379
2044,3,3,25.1002464294434
2044,3,4,15.845344543457
2044,3,5,25.2652702331543
2044,3,6,119.171989440918
2044,3,7,0.0434000678360462
2044,3,8,0.220838859677315
2044,3,9,0.494720309972763
2044,3,10,5.18510675430298
2044,3,11,0.292827546596527
2044,3,12,0.312903225421906
2044,4,1,21.6750812530518
2044,4,2,17.1384544372559
2044,4,3,29.6974544525146
2044,4,4,24.9185085296631
2044,4,5,21.858419418335
2044,4,6,161.935882568359
2044,4,7,0.141782313585281
2044,4,8,1.38717591762543
2044,4,9,0.945527255535126
2044,4,10,5.42637205123901
2044,4,11,0.509513556957245
2044,4,12,1.1412478685379
2044,5,1,19.807336807251
2044,5,2,14.2053451538086
2044,5,3,50.0205497741699
2044,5,4,26.8134574890137
2044,5,5,26.0414638519287
2044,5,6,125.628067016602
2044,5,7,1.85062980651855
2044,5,8,5.29667663574219
2044,5,9,14.0294733047485
2044,5,10,4.79252481460571
2044,5,11,0.510894894599915
2044,5,12,1.51991772651672
2044,6,1,5.97467613220215
2044,6,2,3.96952962875366
2044,6,3,24.765172958374
2044,6,4,12.153395652771
2044,6,5,16.4010982513428
2044,6,6,43.3821411132813
2044,6,7,4.13818502426147
2044,6,8,6.96141195297241
2044,6,9,4.36091136932373
2044,6,10,4.96111488342285
2044,6,11,0.116107031702995
2044,6,12,0.370415866374969
2044,7,1,2.28288745880127
2044,7,2,0.385265499353409
2044,7,3,17.0592193603516
2044,7,4,12.9718809127808
2044,7,5,5.19699287414551
2044,7,6,9.31144714355469
2044,7,7,8.88166427612305
2044,7,8,6.59171581268311
2044,7,9,3.99008750915527
2044,7,10,1.55356121063232
2044,7,11,0.0408972539007664
2044,7,12,0.144830495119095
2044,8,1,1.48189330101013
2044,8,2,0.187801852822304
2044,8,3,18.3472347259521
2044,8,4,17.1894779205322
2044,8,5,3.20704293251038
2044,8,6,5.38004541397095
2044,8,7,37.312084197998
2044,8,8,11.0786237716675
2044,8,9,3.84678912162781
2044,8,10,2.25712728500366
2044,8,11,1.40861737728119
2044,8,12,0.14140559732914
2045,1,1,140.833358764648
2045,1,2,1.65139865875244
2045,1,3,0.457324773073196
2045,1,4,0.338257759809494
2045,1,5,0.202661916613579
2045,1,6,1.56102883815765
2045,1,7,0
2045,1,8,0
2045,1,9,0.0272285751998425
2045,1,10,0.0833623483777046
2045,1,11,0.00143504072912037
2045,1,12,3.48248286172748e-4
2045,2,1,138.524505615234
2045,2,2,11.4968814849854
2045,2,3,3.68164253234863
2045,2,4,2.57799243927002
2045,2,5,2.82796549797058
2045,2,6,14.936203956604
2045,2,7,0
2045,2,8,0.00448149396106601
2045,2,9,0.141397953033447
2045,2,10,1.53455626964569
2045,2,11,0.0296927951276302
2045,2,12,0.0126737309619784
2045,3,1,71.061653137207
2045,3,2,31.8374252319336
2045,3,3,25.1884174346924
2045,3,4,15.9888687133789
2045,3,5,26.0385189056396
2045,3,6,117.897415161133
2045,3,7,0.0434000678360462
2045,3,8,0.220838859677315
2045,3,9,0.494720309972763
2045,3,10,5.12987470626831
2045,3,11,0.292827546596527
2045,3,12,0.312903225421906
2045,4,1,21.6750812530518
2045,4,2,17.1615715026855
2045,4,3,29.6659870147705
2045,4,4,25.2458114624023
2045,4,5,22.229606628418
2045,4,6,161.28515625
2045,4,7,0.141782313585281
2045,4,8,1.38717591762543
2045,4,9,0.945527255535126
2045,4,10,5.38695573806763
2045,4,11,0.509513556957245
2045,4,12,1.1412478685379
2045,5,1,19.807336807251
2045,5,2,14.2053451538086
2045,5,3,50.1845245361328
2045,5,4,27.0154285430908
2045,5,5,26.2849273681641
2045,5,6,124.551704406738
2045,5,7,1.85062980651855
2045,5,8,5.29667663574219
2045,5,9,14.5141649246216
2045,5,10,4.77971076965332
2045,5,11,0.510894894599915
2045,5,12,1.51500427722931
2045,6,1,5.97467613220215
2045,6,2,3.96952962875366
2045,6,3,24.6710605621338
2045,6,4,12.120189666748
2045,6,5,16.4010982513428
2045,6,6,43.3821411132813
2045,6,7,4.13818502426147
2045,6,8,6.96141195297241
2045,6,9,4.48823070526123
2045,6,10,4.96111488342285
2045,6,11,0.116107031702995
2045,6,12,0.370415866374969
2045,7,1,2.28288745880127
2045,7,2,0.385265499353409
2045,7,3,16.9576187133789
2045,7,4,13.0137786865234
2045,7,5,5.19699287414551
2045,7,6,9.31144714355469
2045,7,7,8.88166427612305
2045,7,8,6.59171581268311
2045,7,9,4.04979038238525
2045,7,10,1.55356121063232
2045,7,11,0.0408972539007664
2045,7,12,0.144830495119095
2045,8,1,1.48189330101013
2045,8,2,0.187801852822304
2045,8,3,18.2656002044678
2045,8,4,17.2155265808105
2045,8,5,3.20704293251038
2045,8,6,5.38004541397095
2045,8,7,37.312084197998
2045,8,8,11.0786237716675
2045,8,9,3.90237307548523
2045,8,10,2.25712728500366
2045,8,11,1.40861737728119
2045,8,12,0.14140559732914
2046,1,1,140.840515136719
2046,1,2,1.65466642379761
2046,1,3,0.45220023393631
2046,1,4,0.338350415229797
2046,1,5,0.207259550690651
2046,1,6,1.55156815052032
2046,1,7,0
2046,1,8,0
2046,1,9,0.0272285751998425
2046,1,10,0.0828326568007469
2046,1,11,0.00143504072912037
2046,1,12,3.48248286172748e-4
2046,2,1,138.601745605469
2046,2,2,11.6129598617554
2046,2,3,3.68396186828613
2046,2,4,2.59684991836548
2046,2,5,2.87858891487122
2046,2,6,14.6787843704224
2046,2,7,0
2046,2,8,0.00448149396106601
2046,2,9,0.141397953033447
2046,2,10,1.52689468860626
2046,2,11,0.0296927951276302
2046,2,12,0.0126321772113442
2046,3,1,70.9999237060547
2046,3,2,32.2240142822266
2046,3,3,25.2765865325928
2046,3,4,16.1323928833008
2046,3,5,26.811767578125
2046,3,6,116.622848510742
2046,3,7,0.0434000678360462
2046,3,8,0.220838859677315
2046,3,9,0.494720309972763
2046,3,10,5.07464265823364
2046,3,11,0.292827546596527
2046,3,12,0.312903225421906
2046,4,1,21.6750812530518
2046,4,2,17.184684753418
2046,4,3,29.6345157623291
2046,4,4,25.5731163024902
2046,4,5,22.6007919311523
2046,4,6,160.63444519043
2046,4,7,0.141782313585281
2046,4,8,1.38717591762543
2046,4,9,0.945527255535126
2046,4,10,5.34753894805908
2046,4,11,0.509513556957245
2046,4,12,1.1412478685379
2046,5,1,19.807336807251
2046,5,2,14.2053451538086
2046,5,3,50.3484954833984
2046,5,4,27.217399597168
2046,5,5,26.5283946990967
2046,5,6,123.475326538086
2046,5,7,1.85062980651855
2046,5,8,5.29667663574219
2046,5,9,14.9988555908203
2046,5,10,4.76689672470093
2046,5,11,0.510894894599915
2046,5,12,1.5100907087326
2046,6,1,5.97467613220215
2046,6,2,3.96952962875366
2046,6,3,24.5769462585449
2046,6,4,12.0869827270508
2046,6,5,16.4010982513428
2046,6,6,43.3821411132813
2046,6,7,4.13818502426147
2046,6,8,6.96141195297241
2046,6,9,4.61555004119873
2046,6,10,4.96111488342285
2046,6,11,0.116107031702995
2046,6,12,0.370415866374969
2046,7,1,2.28288745880127
2046,7,2,0.385265499353409
2046,7,3,16.8560180664063
2046,7,4,13.0556774139404
2046,7,5,5.19699287414551
2046,7,6,9.31144714355469
2046,7,7,8.88166427612305
2046,7,8,6.59171581268311
2046,7,9,4.10949325561523
2046,7,10,1.55356121063232
2046,7,11,0.0408972539007664
2046,7,12,0.144830495119095
2046,8,1,1.48189330101013
2046,8,2,0.187801852822304
2046,8,3,18.183967590332
2046,8,4,17.2415771484375
2046,8,5,3.20704293251038
2046,8,6,5.38004541397095
2046,8,7,37.312084197998
2046,8,8,11.0786237716675
2046,8,9,3.95795726776123
2046,8,10,2.25712728500366
2046,8,11,1.40861737728119
2046,8,12,0.14140559732914
2047,1,1,140.847671508789
2047,1,2,1.65793418884277
2047,1,3,0.447075724601746
2047,1,4,0.338443070650101
2047,1,5,0.211857184767723
2047,1,6,1.54210734367371
2047,1,7,0
2047,1,8,0
2047,1,9,0.0272285751998425
2047,1,10,0.0823029801249504
2047,1,11,0.00143504072912037
2047,1,12,3.48248286172748e-4
2047,2,1,138.678985595703
2047,2,2,11.7290382385254
2047,2,3,3.68628120422363
2047,2,4,2.61570715904236
2047,2,5,2.92921233177185
2047,2,6,14.4213676452637
2047,2,7,0
2047,2,8,0.00448149396106601
2047,2,9,0.141397953033447
2047,2,10,1.51923322677612
2047,2,11,0.0296927951276302
2047,2,12,0.01259062346071
2047,3,1,70.9381942749023
2047,3,2,32.6105995178223
2047,3,3,25.3647575378418
2047,3,4,16.2759170532227
2047,3,5,27.5850162506104
2047,3,6,115.348281860352
2047,3,7,0.0434000678360462
2047,3,8,0.220838859677315
2047,3,9,0.494720309972763
2047,3,10,5.01941108703613
2047,3,11,0.292827546596527
2047,3,12,0.312903225421906
2047,4,1,21.6750812530518
2047,4,2,17.207799911499
2047,4,3,29.6030464172363
2047,4,4,25.9004173278809
2047,4,5,22.9719791412354
2047,4,6,159.98371887207
2047,4,7,0.141782313585281
2047,4,8,1.38717591762543
2047,4,9,0.945527255535126
2047,4,10,5.30812168121338
2047,4,11,0.509513556957245
2047,4,12,1.1412478685379
2047,5,1,19.807336807251
2047,5,2,14.2053451538086
2047,5,3,50.5124740600586
2047,5,4,27.4193706512451
2047,5,5,26.7718601226807
2047,5,6,122.398956298828
2047,5,7,1.85062980651855
2047,5,8,5.29667663574219
2047,5,9,15.483546257019
2047,5,10,4.75408220291138
2047,5,11,0.510894894599915
2047,5,12,1.5051771402359
2047,6,1,5.97467613220215
2047,6,2,3.96952962875366
2047,6,3,24.4828338623047
2047,6,4,12.0537776947021
2047,6,5,16.4010982513428
2047,6,6,43.3821411132813
2047,6,7,4.13818502426147
2047,6,8,6.96141195297241
2047,6,9,4.74286842346191
2047,6,10,4.96111488342285
2047,6,11,0.116107031702995
2047,6,12,0.370415866374969
2047,7,1,2.28288745880127
2047,7,2,0.385265499353409
2047,7,3,16.7544174194336
2047,7,4,13.0975751876831
2047,7,5,5.19699287414551
2047,7,6,9.31144714355469
2047,7,7,8.88166427612305
2047,7,8,6.59171581268311
2047,7,9,4.16919565200806
2047,7,10,1.55356121063232
2047,7,11,0.0408972539007664
2047,7,12,0.144830495119095
2047,8,1,1.48189330101013
2047,8,2,0.187801852822304
2047,8,3,18.1023330688477
2047,8,4,17.2676277160645
2047,8,5,3.20704293251038
2047,8,6,5.38004541397095
2047,8,7,37.312084197998
2047,8,8,11.0786237716675
2047,8,9,4.01354122161865
2047,8,10,2.25712728500366
2047,8,11,1.40861737728119
2047,8,12,0.14140559732914
2048,1,1,140.854827880859
2048,1,2,1.66120183467865
2048,1,3,0.441951185464859
2048,1,4,0.338535726070404
2048,1,5,0.216454818844795
2048,1,6,1.53264653682709
2048,1,7,0
2048,1,8,0
2048,1,9,0.0272285751998425
2048,1,10,0.0817732959985733
2048,1,11,0.00143504072912037
2048,1,12,3.48248286172748e-4
2048,2,1,138.756225585938
2048,2,2,11.8451156616211
2048,2,3,3.68860101699829
2048,2,4,2.63456439971924
2048,2,5,2.97983598709106
2048,2,6,14.1639499664307
2048,2,7,0
2048,2,8,0.00448149396106601
2048,2,9,0.141397953033447
2048,2,10,1.51157176494598
2048,2,11,0.0296927951276302
2048,2,12,0.012549071572721
2048,3,1,70.87646484375
2048,3,2,32.997184753418
2048,3,3,25.4529266357422
2048,3,4,16.4194412231445
2048,3,5,28.3582630157471
2048,3,6,114.073715209961
2048,3,7,0.0434000678360462
2048,3,8,0.220838859677315
2048,3,9,0.494720309972763
2048,3,10,4.96417903900146
2048,3,11,0.292827546596527
2048,3,12,0.312903225421906
2048,4,1,21.6750812530518
2048,4,2,17.2309150695801
2048,4,3,29.5715789794922
2048,4,4,26.2277202606201
2048,4,5,23.3431663513184
2048,4,6,159.3330078125
2048,4,7,0.141782313585281
2048,4,8,1.38717591762543
2048,4,9,0.945527255535126
2048,4,10,5.26870536804199
2048,4,11,0.509513556957245
2048,4,12,1.1412478685379
2048,5,1,19.807336807251
2048,5,2,14.2053451538086
2048,5,3,50.6764450073242
2048,5,4,27.6213417053223
2048,5,5,27.0153255462646
2048,5,6,121.32258605957
2048,5,7,1.85062980651855
2048,5,8,5.29667663574219
2048,5,9,15.9682369232178
2048,5,10,4.74126815795898
2048,5,11,0.510894894599915
2048,5,12,1.50026369094849
2048,6,1,5.97467613220215
2048,6,2,3.96952962875366
2048,6,3,24.3887214660645
2048,6,4,12.0205707550049
2048,6,5,16.4010982513428
2048,6,6,43.3821411132813
2048,6,7,4.13818502426147
2048,6,8,6.96141195297241
2048,6,9,4.87018775939941
2048,6,10,4.96111488342285
2048,6,11,0.116107031702995
2048,6,12,0.370415866374969
2048,7,1,2.28288745880127
2048,7,2,0.385265499353409
2048,7,3,16.6528167724609
2048,7,4,13.1394729614258
2048,7,5,5.19699287414551
2048,7,6,9.31144714355469
2048,7,7,8.88166427612305
2048,7,8,6.59171581268311
2048,7,9,4.22889852523804
2048,7,10,1.55356121063232
2048,7,11,0.0408972539007664
2048,7,12,0.144830495119095
2048,8,1,1.48189330101013
2048,8,2,0.187801852822304
2048,8,3,18.0207004547119
2048,8,4,17.2936763763428
2048,8,5,3.20704293251038
2048,8,6,5.38004541397095
2048,8,7,37.312084197998
2048,8,8,11.0786237716675
2048,8,9,4.06912517547607
2048,8,10,2.25712728500366
2048,8,11,1.40861737728119
2048,8,12,0.14140559732914
2049,1,1,140.86198425293
2049,1,2,1.66446959972382
2049,1,3,0.436826676130295
2049,1,4,0.338628381490707
2049,1,5,0.221052452921867
2049,1,6,1.52318572998047
2049,1,7,0
2049,1,8,0
2049,1,9,0.0272285751998425
2049,1,10,0.0812436044216156
2049,1,11,0.00143504072912037
2049,1,12,3.48248286172748e-4
2049,2,1,138.833480834961
2049,2,2,11.9611940383911
2049,2,3,3.69092035293579
2049,2,4,2.65342164039612
2049,2,5,3.0304594039917
2049,2,6,13.9065322875977
2049,2,7,0
2049,2,8,0.00448149396106601
2049,2,9,0.141397953033447
2049,2,10,1.50391006469727
2049,2,11,0.0296927951276302
2049,2,12,0.0125075178220868
2049,3,1,70.8147354125977
2049,3,2,33.3837738037109
2049,3,3,25.5410957336426
2049,3,4,16.5629634857178
2049,3,5,29.1315135955811
2049,3,6,112.79914855957
2049,3,7,0.0434000678360462
2049,3,8,0.220838859677315
2049,3,9,0.494720309972763
2049,3,10,4.9089469909668
2049,3,11,0.292827546596527
2049,3,12,0.312903225421906
2049,4,1,21.6750812530518
2049,4,2,17.2540302276611
2049,4,3,29.5401077270508
2049,4,4,26.5550231933594
2049,4,5,23.7143516540527
2049,4,6,158.68229675293
2049,4,7,0.141782313585281
2049,4,8,1.38717591762543
2049,4,9,0.945527255535126
2049,4,10,5.22928857803345
2049,4,11,0.509513556957245
2049,4,12,1.1412478685379
2049,5,1,19.807336807251
2049,5,2,14.2053451538086
2049,5,3,50.8404159545898
2049,5,4,27.823314666748
2049,5,5,27.2587909698486
2049,5,6,120.246208190918
2049,5,7,1.85062980651855
2049,5,8,5.29667663574219
2049,5,9,16.4529266357422
2049,5,10,4.72845411300659
2049,5,11,0.510894894599915
2049,5,12,1.49535012245178
2049,6,1,5.97467613220215
2049,6,2,3.96952962875366
2049,6,3,24.2946090698242
2049,6,4,11.9873657226563
2049,6,5,16.4010982513428
2049,6,6,43.3821411132813
2049,6,7,4.13818502426147
2049,6,8,6.96141195297241
2049,6,9,4.99750709533691
2049,6,10,4.96111488342285
2049,6,11,0.116107031702995
2049,6,12,0.370415866374969
2049,7,1,2.28288745880127
2049,7,2,0.385265499353409
2049,7,3,16.5512161254883
2049,7,4,13.1813716888428
2049,7,5,5.19699287414551
2049,7,6,9.31144714355469
2049,7,7,8.88166427612305
2049,7,8,6.59171581268311
2049,7,9,4.28860139846802
2049,7,10,1.55356121063232
2049,7,11,0.0408972539007664
2049,7,12,0.144830495119095
2049,8,1,1.48189330101013
2049,8,2,0.187801852822304
2049,8,3,17.9390659332275
2049,8,4,17.3197269439697
2049,8,5,3.20704293251038
2049,8,6,5.38004541397095
2049,8,7,37.312084197998
2049,8,8,11.0786237716675
2049,8,9,4.1247091293335
2049,8,10,2.25712728500366
2049,8,11,1.40861737728119
2049,8,12,0.14140559732914
2050,1,1,140.869140625
2050,1,2,1.66773736476898
2050,1,3,0.431702166795731
2050,1,4,0.338721007108688
2050,1,5,0.22565008699894
2050,1,6,1.51372504234314
2050,1,7,0
2050,1,8,0
2050,1,9,0.0272285751998425
2050,1,10,0.0807139202952385
2050,1,11,0.00143504072912037
2050,1,12,3.48248286172748e-4
2050,2,1,138.910720825195
2050,2,2,12.0772724151611
2050,2,3,3.69323968887329
2050,2,4,2.672278881073
2050,2,5,3.08108282089233
2050,2,6,13.6491146087646
2050,2,7,0
2050,2,8,0.00448149396106601
2050,2,9,0.141397953033447
2050,2,10,1.49624860286713
2050,2,11,0.0296927951276302
2050,2,12,0.0124659640714526
2050,3,1,70.7530059814453
2050,3,2,33.7703590393066
2050,3,3,25.6292667388916
2050,3,4,16.7064876556396
2050,3,5,29.9047622680664
2050,3,6,111.52458190918
2050,3,7,0.0434000678360462
2050,3,8,0.220838859677315
2050,3,9,0.494720309972763
2050,3,10,4.85371541976929
2050,3,11,0.292827546596527
2050,3,12,0.312903225421906
2050,4,1,21.6750812530518
2050,4,2,17.2771453857422
2050,4,3,29.5086364746094
2050,4,4,26.8823261260986
2050,4,5,24.0855388641357
2050,4,6,158.03157043457
2050,4,7,0.141782313585281
2050,4,8,1.38717591762543
2050,4,9,0.945527255535126
2050,4,10,5.1898717880249
2050,4,11,0.509513556957245
2050,4,12,1.1412478685379
2050,5,1,19.807336807251
2050,5,2,14.2053451538086
2050,5,3,51.0043869018555
2050,5,4,28.0252857208252
2050,5,5,27.5022563934326
2050,5,6,119.169830322266
2050,5,7,1.85062980651855
2050,5,8,5.29667663574219
2050,5,9,16.9376182556152
2050,5,10,4.71563959121704
2050,5,11,0.510894894599915
2050,5,12,1.49043667316437
2050,6,1,5.97467613220215
2050,6,2,3.96952962875366
2050,6,3,24.2004947662354
2050,6,4,11.954158782959
2050,6,5,16.4010982513428
2050,6,6,43.3821411132813
2050,6,7,4.13818502426147
2050,6,8,6.96141195297241
2050,6,9,5.1248254776001
2050,6,10,4.96111488342285
2050,6,11,0.116107031702995
2050,6,12,0.370415866374969
2050,7,1,2.28288745880127
2050,7,2,0.385265499353409
2050,7,3,16.4496173858643
2050,7,4,13.2232694625854
2050,7,5,5.19699287414551
2050,7,6,9.31144714355469
2050,7,7,8.88166427612305
2050,7,8,6.59171581268311
2050,7,9,4.34830379486084
2050,7,10,1.55356121063232
2050,7,11,0.0408972539007664
2050,7,12,0.144830495119095
2050,8,1,1.48189330101013
2050,8,2,0.187801852822304
2050,8,3,17.8574314117432
2050,8,4,17.3457775115967
2050,8,5,3.20704293251038
2050,8,6,5.38004541397095
2050,8,7,37.312084197998
2050,8,8,11.0786237716675
2050,8,9,4.18029308319092
2050,8,10,2.25712728500366
2050,8,11,1.40861737728119
2050,8,12,0.14140559732914
