ID,ModeID,VehTypeID,MassCatID,FuelID,EngineID,TransTypeID,HybridID,SecondHandImportID
10,1,2,4,1,10,1,0,0
20,1,2,4,12,10,1,0,0
25,1,2,4,12,11,1,0,0
26,1,2,4,12,12,1,0,0
30,1,2,4,1,11,1,0,0
40,1,2,4,1,12,1,0,0
50,1,2,4,13,13,1,0,0
60,1,2,4,13,13,1,0,0
70,1,3,1,1,1,1,0,0
80,1,3,1,1,14,1,0,0
81,1,3,1,1,15,1,0,0
82,1,3,1,1,16,1,0,0
83,1,3,1,1,17,1,0,0
84,1,3,1,1,18,1,0,0
85,1,3,1,1,19,1,0,0
86,1,3,1,1,20,1,0,0
87,1,3,1,1,21,1,0,0
90,1,3,1,1,3,1,0,0
91,1,3,1,1,14,1,2,0
92,1,3,1,1,15,1,2,0
93,1,3,1,1,16,1,2,0
94,1,3,1,1,17,1,2,0
95,1,3,1,1,18,1,2,0
96,1,3,1,1,19,1,2,0
97,1,3,1,1,20,1,2,0
98,1,3,1,1,21,1,2,0
100,1,3,1,1,4,1,0,0
110,1,3,1,1,5,1,0,0
120,1,3,1,1,6,1,0,0
130,1,3,2,1,1,1,0,0
140,1,3,2,1,14,1,0,0
150,1,3,2,1,3,1,0,0
160,1,3,2,1,4,1,0,0
161,1,3,2,1,14,1,2,0
162,1,3,2,1,15,1,2,0
163,1,3,2,1,16,1,2,0
164,1,3,2,1,17,1,2,0
165,1,3,2,1,18,1,2,0
166,1,3,2,1,19,1,2,0
167,1,3,2,1,20,1,2,0
168,1,3,2,1,21,1,2,0
170,1,3,2,1,5,1,0,0
171,1,3,2,1,15,1,0,0
172,1,3,2,1,16,1,0,0
173,1,3,2,1,17,1,0,0
174,1,3,2,1,18,1,0,0
175,1,3,2,1,19,1,0,0
176,1,3,2,1,20,1,0,0
177,1,3,2,1,21,1,0,0
181,1,3,2,1,6,1,0,0
190,1,3,3,1,1,1,0,0
191,1,3,3,1,14,1,2,0
192,1,3,3,1,15,1,2,0
193,1,3,3,1,16,1,2,0
194,1,3,3,1,17,1,2,0
195,1,3,3,1,18,1,2,0
196,1,3,3,1,19,1,2,0
197,1,3,3,1,20,1,2,0
198,1,3,3,1,21,1,2,0
200,1,3,3,1,14,1,0,0
201,1,3,3,1,16,1,0,0
202,1,3,3,1,17,1,0,0
203,1,3,3,1,18,1,0,0
204,1,3,3,1,19,1,0,0
205,1,3,3,1,20,1,0,0
206,1,3,3,1,21,1,0,0
210,1,3,3,1,3,1,0,0
220,1,3,3,1,4,1,0,0
230,1,3,3,1,5,1,0,0
240,1,3,3,1,6,1,0,0
245,1,3,3,1,15,1,0,0
250,1,3,2,2,1,1,0,0
251,1,3,2,2,15,1,0,0
252,1,3,2,2,16,1,0,0
253,1,3,2,2,17,1,0,0
254,1,3,2,2,18,1,0,0
255,1,3,2,2,19,1,0,0
256,1,3,2,2,20,1,0,0
257,1,3,2,2,21,1,0,0
260,1,3,2,2,14,1,0,0
261,1,3,2,8,7,1,0,0
265,1,3,1,2,14,1,0,0
266,1,3,1,2,15,1,0,0
267,1,3,1,2,16,1,0,0
268,1,3,1,2,17,1,0,0
269,1,3,1,2,18,1,0,0
270,1,3,2,2,3,1,0,0
271,1,3,1,2,19,1,0,0
272,1,3,1,2,20,1,0,0
273,1,3,1,2,21,1,0,0
275,1,3,1,12,6,1,0,0
276,1,3,1,12,14,1,0,0
277,1,3,1,13,13,1,0,0
278,1,3,1,13,13,1,0,0
280,1,3,2,2,4,1,0,0
290,1,3,2,2,5,1,0,0
291,1,3,2,8,8,1,0,0
292,1,3,2,8,9,1,0,0
295,1,3,1,2,5,1,0,0
300,1,3,2,2,6,1,0,0
302,1,3,2,1,6,1,1,0
305,1,3,1,2,6,1,0,0
310,1,3,3,2,1,1,0,0
320,1,3,2,1,14,1,1,0
321,1,3,2,1,15,1,1,0
322,1,3,2,1,16,1,1,0
323,1,3,2,1,17,1,1,0
324,1,3,2,1,18,1,1,0
325,1,3,2,1,19,1,1,0
326,1,3,2,1,20,1,1,0
327,1,3,2,1,21,1,1,0
330,1,3,3,2,3,1,0,0
340,1,3,3,2,4,1,0,0
350,1,3,3,2,5,1,0,0
351,1,3,3,8,7,1,0,0
360,1,3,3,2,6,1,0,0
361,1,3,3,8,8,1,0,0
362,1,3,3,1,6,1,1,0
363,1,3,3,2,14,1,0,0
364,1,3,1,12,15,1,0,0
365,1,3,3,13,13,1,0,0
366,1,3,3,2,15,1,0,0
367,1,3,3,2,16,1,0,0
368,1,3,3,2,17,1,0,0
369,1,3,3,2,18,1,0,0
370,1,3,3,2,19,1,0,0
371,1,3,3,2,20,1,0,0
372,1,3,3,2,21,1,0,0
373,1,3,3,8,9,1,0,0
375,1,3,1,12,16,1,0,0
376,1,3,3,13,13,1,0,0
377,1,3,1,12,17,1,0,0
378,1,3,2,13,13,1,0,0
380,1,3,1,12,18,1,0,0
381,1,3,1,12,19,1,0,0
385,1,3,3,7,6,1,0,0
386,1,3,3,7,14,1,0,0
387,1,3,3,7,15,1,0,0
388,1,3,3,7,16,1,0,0
389,1,3,3,7,17,1,0,0
390,1,3,3,7,18,1,0,0
391,1,3,3,7,19,1,0,0
392,1,3,3,7,20,1,0,0
393,1,3,3,7,21,1,0,0
400,1,3,3,1,14,1,1,0
401,1,3,3,1,15,1,1,0
402,1,3,3,1,16,1,1,0
403,1,3,3,1,17,1,1,0
404,1,3,3,1,18,1,1,0
405,1,3,3,1,19,1,1,0
406,1,3,3,1,20,1,1,0
407,1,3,3,1,21,1,1,0
410,1,3,2,7,6,1,0,0
411,1,3,2,7,14,1,0,0
412,1,3,2,7,15,1,0,0
413,1,3,2,7,16,1,0,0
414,1,3,2,7,17,1,0,0
415,1,3,2,7,18,1,0,0
416,1,3,2,7,19,1,0,0
417,1,3,2,7,20,1,0,0
418,1,3,2,7,21,1,0,0
420,1,3,3,14,14,1,0,0
421,1,3,3,14,15,1,0,0
422,1,3,3,14,16,1,0,0
423,1,3,3,14,17,1,0,0
424,1,3,3,14,18,1,0,0
425,1,3,3,14,20,1,0,0
430,1,3,2,5,4,1,0,0
431,1,3,2,5,5,1,0,0
432,1,3,2,5,6,1,0,0
433,1,3,2,5,14,1,0,0
434,1,3,2,5,15,1,0,0
435,1,3,2,5,16,1,0,0
436,1,3,2,5,17,1,0,0
437,1,3,2,5,18,1,0,0
438,1,3,2,5,19,1,0,0
439,1,3,2,5,20,1,0,0
440,1,3,2,5,21,1,0,0
441,1,3,3,5,4,1,0,0
442,1,3,3,5,5,1,0,0
443,1,3,3,5,6,1,0,0
444,1,3,3,5,14,1,0,0
445,1,3,3,5,15,1,0,0
446,1,3,3,5,16,1,0,0
447,1,3,3,5,17,1,0,0
448,1,3,3,5,18,1,0,0
449,1,3,3,5,19,1,0,0
450,1,3,3,5,20,1,0,0
451,1,3,3,5,21,1,0,0
460,1,3,2,2,6,1,1,0
461,1,3,2,2,14,1,1,0
462,1,3,2,2,15,1,1,0
463,1,3,2,2,16,1,1,0
464,1,3,2,2,17,1,1,0
465,1,3,2,2,18,1,1,0
466,1,3,2,2,19,1,1,0
467,1,3,2,2,20,1,1,0
468,1,3,2,2,21,1,1,0
470,1,3,3,2,6,1,1,0
471,1,3,3,2,14,1,1,0
472,1,3,3,2,15,1,1,0
473,1,3,3,2,16,1,1,0
474,1,3,3,2,17,1,1,0
475,1,3,3,2,18,1,1,0
476,1,3,3,2,19,1,1,0
477,1,3,3,2,20,1,1,0
478,1,3,3,2,21,1,1,0
480,1,3,2,12,5,1,0,0
510,1,3,2,12,6,1,0,0
515,1,3,2,12,14,1,0,0
520,1,3,1,10,6,1,0,0
521,1,3,1,10,14,1,0,0
522,1,3,1,10,15,1,0,0
523,1,3,1,10,16,1,0,0
524,1,3,1,10,17,1,0,0
525,1,3,1,10,18,1,0,0
526,1,3,1,10,19,1,0,0
527,1,3,1,10,20,1,0,0
528,1,3,1,10,21,1,0,0
530,1,3,2,10,6,1,0,0
531,1,3,2,10,14,1,0,0
532,1,3,2,10,15,1,0,0
533,1,3,2,10,16,1,0,0
534,1,3,2,10,17,1,0,0
535,1,3,2,10,18,1,0,0
536,1,3,2,10,19,1,0,0
537,1,3,2,10,20,1,0,0
538,1,3,2,10,21,1,0,0
540,1,3,3,10,6,1,0,0
541,1,3,3,10,14,1,0,0
542,1,3,3,10,15,1,0,0
543,1,3,3,10,16,1,0,0
544,1,3,3,10,17,1,0,0
545,1,3,3,10,18,1,0,0
546,1,3,3,10,19,1,0,0
547,1,3,3,10,20,1,0,0
548,1,3,3,10,21,1,0,0
550,1,3,1,5,6,1,0,0
551,1,3,1,5,14,1,0,0
552,1,3,1,5,15,1,0,0
553,1,3,1,5,16,1,0,0
554,1,3,1,5,17,1,0,0
555,1,3,1,5,18,1,0,0
556,1,3,1,5,19,1,0,0
557,1,3,1,5,20,1,0,0
558,1,3,1,5,21,1,0,0
580,1,3,1,12,20,1,0,0
590,1,3,1,12,3,1,0,0
600,1,3,1,12,4,1,0,0
610,1,3,1,12,5,1,0,0
611,1,3,2,2,14,1,2,0
612,1,3,2,2,15,1,2,0
613,1,3,2,2,16,1,2,0
614,1,3,2,2,17,1,2,0
615,1,3,2,2,18,1,2,0
616,1,3,2,2,19,1,2,0
617,1,3,2,2,20,1,2,0
618,1,3,2,2,21,1,2,0
620,1,3,1,1,14,1,1,0
621,1,3,1,1,15,1,1,0
622,1,3,1,1,16,1,1,0
623,1,3,1,1,17,1,1,0
624,1,3,1,1,18,1,1,0
625,1,3,1,1,19,1,1,0
626,1,3,1,1,20,1,1,0
627,1,3,1,1,21,1,1,0
630,1,4,11,2,1,1,0,0
631,1,3,3,2,14,1,2,0
632,1,3,3,2,15,1,2,0
633,1,3,3,2,16,1,2,0
634,1,3,3,2,17,1,2,0
635,1,3,3,2,18,1,2,0
636,1,3,3,2,19,1,2,0
637,1,3,3,2,20,1,2,0
638,1,3,3,2,21,1,2,0
640,1,4,11,1,7,1,0,0
641,1,3,3,12,14,1,0,0
642,1,3,3,12,15,1,0,0
643,1,3,3,12,16,1,0,0
644,1,3,3,12,17,1,0,0
645,1,3,3,12,18,1,0,0
646,1,3,3,12,19,1,0,0
647,1,3,3,12,20,1,0,0
648,1,3,3,12,21,1,0,0
650,1,4,11,10,6,1,0,0
651,1,4,11,10,14,1,0,0
652,1,4,11,10,15,1,0,0
653,1,4,11,10,16,1,0,0
654,1,4,11,10,17,1,0,0
655,1,4,11,10,18,1,0,0
656,1,4,11,10,19,1,0,0
657,1,4,11,10,20,1,0,0
658,1,4,11,10,21,1,0,0
660,1,4,11,5,6,1,0,0
661,1,4,11,5,14,1,0,0
662,1,4,11,5,15,1,0,0
663,1,4,11,5,16,1,0,0
664,1,4,11,5,17,1,0,0
665,1,4,11,5,18,1,0,0
666,1,4,11,5,19,1,0,0
667,1,4,11,5,20,1,0,0
668,1,4,11,5,21,1,0,0
670,1,4,11,1,8,1,0,0
675,1,4,11,1,9,1,0,0
680,1,4,12,12,6,1,0,0
690,1,4,11,2,14,1,0,0
691,1,4,11,8,7,1,0,0
695,1,4,11,2,15,1,0,0
696,1,4,11,2,16,1,0,0
697,1,4,11,2,17,1,0,0
698,1,4,11,2,18,1,0,0
699,1,4,11,2,19,1,0,0
700,1,4,11,2,3,1,0,0
701,1,4,11,2,20,1,0,0
702,1,4,11,2,21,1,0,0
720,1,4,11,2,4,1,0,0
730,1,4,12,12,14,1,0,0
731,1,4,12,12,15,1,0,0
750,1,4,11,12,7,1,0,0
780,1,4,11,12,8,1,0,0
781,1,4,11,12,9,1,0,0
810,1,4,11,2,5,1,0,0
811,1,4,11,8,8,1,0,0
812,1,4,11,8,9,1,0,0
850,1,4,11,2,6,1,0,0
852,1,4,11,2,6,1,1,0
853,1,4,11,7,6,1,0,0
854,1,4,11,13,13,1,0,0
855,1,3,1,12,21,1,0,0
856,1,3,2,13,13,1,0,0
857,1,4,11,7,14,1,0,0
858,1,4,11,7,15,1,0,0
859,1,4,11,7,16,1,0,0
860,1,4,11,7,17,1,0,0
861,1,4,11,7,18,1,0,0
862,1,4,11,7,19,1,0,0
863,1,4,11,7,20,1,0,0
864,1,4,11,7,21,1,0,0
865,1,4,11,2,14,1,1,0
866,1,4,11,2,15,1,1,0
867,1,4,11,2,16,1,1,0
868,1,4,11,2,17,1,1,0
869,1,4,11,2,18,1,1,0
870,1,4,12,2,1,1,0,0
871,1,4,11,2,19,1,1,0
872,1,4,11,2,20,1,1,0
873,1,4,11,2,21,1,1,0
890,1,4,12,2,14,1,0,0
940,1,4,12,12,16,1,0,0
941,1,4,12,12,17,1,0,0
950,1,4,12,7,8,1,0,0
970,1,4,12,2,3,1,0,0
980,1,4,12,2,4,1,0,0
981,1,4,12,2,14,1,2,0
982,1,4,12,2,15,1,2,0
983,1,4,12,2,16,1,2,0
984,1,4,12,2,17,1,2,0
985,1,4,12,2,18,1,2,0
986,1,4,12,2,19,1,2,0
987,1,4,12,2,20,1,2,0
988,1,4,12,2,21,1,2,0
990,1,4,12,10,6,1,0,0
991,1,4,12,10,14,1,0,0
992,1,4,12,10,15,1,0,0
993,1,4,12,10,16,1,0,0
994,1,4,12,10,17,1,0,0
995,1,4,12,10,18,1,0,0
996,1,4,12,10,19,1,0,0
997,1,4,12,10,20,1,0,0
998,1,4,12,10,21,1,0,0
1000,1,4,12,5,6,1,0,0
1001,1,4,12,5,14,1,0,0
1002,1,4,12,5,15,1,0,0
1003,1,4,12,5,16,1,0,0
1004,1,4,12,5,17,1,0,0
1005,1,4,12,5,18,1,0,0
1006,1,4,12,5,19,1,0,0
1007,1,4,12,5,20,1,0,0
1008,1,4,12,5,21,1,0,0
1010,1,4,12,12,18,1,0,0
1030,1,4,12,12,19,1,0,0
1031,1,4,12,12,20,1,0,0
1040,1,4,12,2,5,1,0,0
1041,1,4,12,8,7,1,0,0
1050,1,4,13,10,6,1,0,0
1051,1,4,13,10,14,1,0,0
1052,1,4,13,10,15,1,0,0
1053,1,4,13,10,16,1,0,0
1054,1,4,13,10,17,1,0,0
1055,1,4,13,10,18,1,0,0
1056,1,4,13,10,19,1,0,0
1057,1,4,13,10,20,1,0,0
1058,1,4,13,10,21,1,0,0
1060,1,4,13,5,6,1,0,0
1061,1,4,13,5,14,1,0,0
1062,1,4,13,5,15,1,0,0
1063,1,4,13,5,16,1,0,0
1064,1,4,13,5,17,1,0,0
1065,1,4,13,5,18,1,0,0
1066,1,4,13,5,19,1,0,0
1067,1,4,13,5,20,1,0,0
1068,1,4,13,5,21,1,0,0
1110,1,4,12,7,7,1,0,0
1111,1,4,12,7,9,1,0,0
1121,1,4,12,2,15,1,0,0
1122,1,4,12,2,16,1,0,0
1123,1,4,12,2,17,1,0,0
1124,1,4,12,2,18,1,0,0
1125,1,4,12,2,19,1,0,0
1126,1,4,12,2,20,1,0,0
1127,1,4,12,2,21,1,0,0
1130,1,4,12,2,6,1,0,0
1131,1,4,12,8,8,1,0,0
1132,1,4,12,2,6,1,1,0
1133,1,4,12,12,21,1,0,0
1134,1,4,12,13,13,1,0,0
1135,1,4,12,13,13,1,0,0
1136,1,4,12,13,13,1,0,0
1137,1,4,12,13,13,1,0,0
1138,1,4,12,13,13,1,0,0
1139,1,4,12,13,13,1,0,0
1141,1,4,12,8,9,1,0,0
1142,1,4,12,2,14,1,1,0
1143,1,4,12,2,15,1,1,0
1144,1,4,12,2,16,1,1,0
1145,1,4,12,2,17,1,1,0
1146,1,4,12,2,18,1,1,0
1147,1,4,12,2,19,1,1,0
1148,1,4,12,2,20,1,1,0
1149,1,4,12,2,21,1,1,0
1150,1,4,13,12,6,1,0,0
1151,1,4,13,12,14,1,0,0
1152,1,4,13,2,1,1,0,0
1153,1,4,13,2,14,1,0,0
1155,1,4,13,12,15,1,0,0
1156,1,4,13,12,16,1,0,0
1158,1,4,13,2,3,1,0,0
1159,1,4,13,2,4,1,0,0
1161,1,4,13,12,17,1,0,0
1162,1,4,13,12,18,1,0,0
1163,1,4,13,2,5,1,0,0
1164,1,4,13,8,7,1,0,0
1166,1,4,13,2,6,1,0,0
1167,1,4,13,8,8,1,0,0
1168,1,4,13,2,6,1,1,0
1169,1,4,13,12,19,1,0,0
1170,1,4,13,13,13,1,0,0
1171,1,4,13,2,15,1,0,0
1172,1,4,13,2,16,1,0,0
1173,1,4,13,2,17,1,0,0
1174,1,4,13,2,18,1,0,0
1175,1,4,13,2,19,1,0,0
1176,1,4,13,2,20,1,0,0
1177,1,4,13,2,21,1,0,0
1179,1,4,13,8,9,1,0,0
1180,1,4,13,2,14,1,1,0
1181,1,4,13,2,15,1,1,0
1182,1,4,13,2,16,1,1,0
1183,1,4,13,2,17,1,1,0
1184,1,4,13,2,18,1,1,0
1185,1,4,13,2,19,1,1,0
1186,1,4,13,2,20,1,1,0
1187,1,4,13,2,21,1,1,0
1188,1,4,13,12,20,1,0,0
1189,1,4,13,12,21,1,0,0
1190,1,4,13,13,13,1,0,0
1191,1,4,13,13,13,1,0,0
1192,1,4,13,13,13,1,0,0
1193,1,4,13,13,13,1,0,0
1194,1,4,13,13,13,1,0,0
1200,1,5,21,2,1,2,0,0
1220,1,5,21,2,14,2,0,0
1221,1,5,21,2,14,2,1,0
1222,1,5,21,2,15,2,1,0
1223,1,5,21,2,16,2,1,0
1224,1,5,21,2,17,2,1,0
1225,1,5,21,2,18,2,1,0
1226,1,5,21,2,19,2,1,0
1227,1,5,21,2,20,2,1,0
1228,1,5,21,2,21,2,1,0
1230,1,5,21,7,6,2,0,0
1240,1,5,21,5,5,2,0,0
1250,1,5,21,10,6,2,0,0
1251,1,5,21,10,14,2,0,0
1252,1,5,21,10,15,2,0,0
1253,1,5,21,10,16,2,0,0
1254,1,5,21,10,17,2,0,0
1255,1,5,21,10,18,2,0,0
1256,1,5,21,10,19,2,0,0
1257,1,5,21,10,20,2,0,0
1258,1,5,21,10,21,2,0,0
1260,1,5,21,5,6,2,0,0
1261,1,5,21,5,14,2,0,0
1262,1,5,21,5,15,2,0,0
1263,1,5,21,5,16,2,0,0
1264,1,5,21,5,17,2,0,0
1265,1,5,21,5,18,2,0,0
1266,1,5,21,5,19,2,0,0
1267,1,5,21,5,20,2,0,0
1268,1,5,21,5,21,2,0,0
1280,1,5,21,12,15,2,0,0
1300,1,5,21,12,5,2,0,0
1301,1,5,21,2,14,2,2,0
1302,1,5,21,2,15,2,2,0
1303,1,5,21,2,16,2,2,0
1304,1,5,21,2,17,2,2,0
1305,1,5,21,2,18,2,2,0
1306,1,5,21,2,19,2,2,0
1307,1,5,21,2,20,2,2,0
1308,1,5,21,2,21,2,2,0
1320,1,5,21,2,3,2,0,0
1340,1,5,21,2,4,2,0,0
1360,1,5,21,12,6,2,0,0
1365,1,5,21,12,14,2,0,0
1370,1,5,21,13,13,2,0,0
1371,1,5,21,13,13,2,0,0
1372,1,5,21,13,13,2,0,0
1373,1,5,21,13,13,2,0,0
1374,1,5,21,13,13,2,0,0
1375,1,5,21,13,13,2,0,0
1390,1,5,21,2,5,2,0,0
1391,1,5,21,8,6,2,0,0
1410,1,5,21,1,1,2,0,0
1440,1,5,21,12,16,2,0,0
1450,1,5,21,1,3,2,0,0
1451,1,5,21,1,4,2,0,0
1452,1,5,21,1,5,2,0,0
1453,1,5,21,1,6,2,0,0
1460,1,5,21,2,6,2,0,0
1461,1,5,21,8,14,2,0,0
1462,1,5,21,2,6,2,1,0
1463,1,5,21,12,17,2,0,0
1464,1,5,21,2,15,2,0,0
1465,1,5,21,2,16,2,0,0
1466,1,5,21,2,17,2,0,0
1467,1,5,21,2,18,2,0,0
1468,1,5,21,2,19,2,0,0
1469,1,5,21,2,20,2,0,0
1470,1,5,21,2,21,2,0,0
1471,1,5,21,1,14,2,0,0
1472,1,5,21,1,15,2,0,0
1473,1,5,21,1,16,2,0,0
1474,1,5,21,1,17,2,0,0
1475,1,5,21,1,18,2,0,0
1476,1,5,21,1,19,2,0,0
1477,1,5,21,1,20,2,0,0
1478,1,5,21,1,21,2,0,0
1480,1,5,21,8,15,2,0,0
1481,1,5,21,8,16,2,0,0
1482,1,5,21,8,17,2,0,0
1483,1,5,21,8,18,2,0,0
1484,1,5,21,8,19,2,0,0
1485,1,5,21,8,20,2,0,0
1486,1,5,21,8,21,2,0,0
1510,1,5,21,7,14,2,0,0
1511,1,5,21,7,15,2,0,0
1512,1,5,21,7,16,2,0,0
1513,1,5,21,7,17,2,0,0
1514,1,5,21,7,18,2,0,0
1515,1,5,21,7,19,2,0,0
1516,1,5,21,7,20,2,0,0
1517,1,5,21,7,21,2,0,0
1520,1,5,22,2,1,2,0,0
1530,1,5,22,2,14,2,0,0
1540,1,5,22,10,6,2,0,0
1541,1,5,22,10,14,2,0,0
1542,1,5,22,10,15,2,0,0
1543,1,5,22,10,16,2,0,0
1544,1,5,22,10,17,2,0,0
1545,1,5,22,10,18,2,0,0
1546,1,5,22,10,19,2,0,0
1547,1,5,22,10,20,2,0,0
1548,1,5,22,10,21,2,0,0
1550,1,5,22,5,5,2,0,0
1551,1,5,22,5,6,2,0,0
1552,1,5,22,5,14,2,0,0
1553,1,5,22,5,15,2,0,0
1554,1,5,22,5,16,2,0,0
1555,1,5,22,5,17,2,0,0
1556,1,5,22,5,18,2,0,0
1557,1,5,22,5,19,2,0,0
1558,1,5,22,5,20,2,0,0
1559,1,5,22,5,21,2,0,0
1560,1,5,22,2,3,2,0,0
1570,1,5,22,2,4,2,0,0
1590,1,5,22,2,5,2,0,0
1591,1,5,22,8,6,2,0,0
1592,1,5,22,8,14,2,0,0
1593,1,5,22,13,13,2,0,0
1594,1,5,22,13,13,2,0,0
1595,1,5,22,13,13,2,0,0
1596,1,5,22,13,13,2,0,0
1597,1,5,22,13,13,2,0,0
1598,1,5,22,13,13,2,0,0
1599,1,5,21,12,18,2,0,0
1600,1,5,21,12,19,2,0,0
1601,1,5,21,12,20,2,0,0
1602,1,5,21,12,21,2,0,0
1603,1,5,22,12,7,2,0,0
1604,1,5,22,12,8,2,0,0
1605,1,5,22,12,9,2,0,0
1610,1,5,22,2,6,2,0,0
1611,1,5,22,8,16,2,0,0
1612,1,5,22,2,14,2,1,0
1613,1,5,22,14,6,2,0,0
1614,1,5,22,8,18,2,0,0
1615,1,5,22,2,15,2,0,0
1616,1,5,22,2,16,2,0,0
1617,1,5,22,2,17,2,0,0
1618,1,5,22,2,18,2,0,0
1619,1,5,22,2,19,2,0,0
1620,1,5,22,2,20,2,0,0
1621,1,5,22,2,21,2,0,0
1630,1,5,23,2,1,2,0,0
1640,1,5,23,2,14,2,0,0
1650,1,5,23,2,3,2,0,0
1660,1,5,23,2,4,2,0,0
1670,1,5,23,2,5,2,0,0
1671,1,5,23,8,6,2,0,0
1675,1,5,23,2,14,2,1,0
1680,1,5,23,8,14,2,0,0
1681,1,5,23,13,13,2,0,0
1682,1,5,23,2,6,2,0,0
1683,1,5,23,8,16,2,0,0
1684,1,5,23,2,16,2,1,0
1685,1,5,23,14,6,2,0,0
1686,1,5,23,8,18,2,0,0
1690,1,5,23,2,15,2,0,0
1691,1,5,23,2,16,2,0,0
1692,1,5,23,2,17,2,0,0
1693,1,5,23,2,18,2,0,0
1694,1,5,23,2,19,2,0,0
1695,1,5,23,2,20,2,0,0
1696,1,5,23,2,21,2,0,0
1697,1,5,23,13,13,2,0,0
1698,1,5,23,13,13,2,0,0
1699,1,5,23,13,13,2,0,0
1700,1,5,23,13,13,2,0,0
1701,1,5,23,13,13,2,0,0
1702,1,3,2,12,15,1,0,0
1703,1,3,2,12,16,1,0,0
1704,1,3,2,12,17,1,0,0
1705,1,3,2,12,18,1,0,0
1706,1,3,2,12,19,1,0,0
1707,1,3,2,12,20,1,0,0
1708,1,3,2,12,21,1,0,0
1720,1,5,23,10,6,2,0,0
1721,1,5,23,10,14,2,0,0
1722,1,5,23,10,15,2,0,0
1723,1,5,23,10,16,2,0,0
1724,1,5,23,10,17,2,0,0
1725,1,5,23,10,18,2,0,0
1726,1,5,23,10,19,2,0,0
1727,1,5,23,10,20,2,0,0
1728,1,5,23,10,21,2,0,0
1730,1,5,23,5,5,2,0,0
1731,1,5,23,5,6,2,0,0
1732,1,5,23,5,14,2,0,0
1733,1,5,23,5,15,2,0,0
1734,1,5,23,5,16,2,0,0
1735,1,5,23,5,17,2,0,0
1736,1,5,23,5,18,2,0,0
1737,1,5,23,5,19,2,0,0
1738,1,5,23,5,20,2,0,0
1739,1,5,23,5,21,2,0,0
2010,2,6,31,2,7,1,0,0
2020,2,6,31,12,7,1,0,0
2030,2,6,31,12,8,1,0,0
2040,2,6,31,2,8,1,0,0
2050,2,6,31,12,9,1,0,0
2060,2,6,31,2,9,1,0,0
2070,2,6,32,2,7,2,0,0
2080,2,6,32,2,7,1,0,0
2090,2,6,32,12,7,2,0,0
2100,2,6,32,12,7,1,0,0
2110,2,6,32,12,8,1,0,0
2120,2,6,32,2,8,1,0,0
2130,2,6,32,2,8,2,0,0
2140,2,6,32,12,8,2,0,0
2150,2,6,32,2,9,1,0,0
2160,2,6,32,12,9,1,0,0
2170,2,6,32,2,9,2,0,0
2180,2,6,32,12,9,2,0,0
2190,2,6,33,2,7,1,0,0
2200,2,6,33,12,7,2,0,0
2210,2,6,33,12,7,1,0,0
2220,2,6,33,2,7,2,0,0
2230,2,6,33,2,8,2,0,0
2240,2,6,33,2,8,1,0,0
2250,2,6,33,12,8,1,0,0
2260,2,6,33,12,8,2,0,0
2270,2,6,33,12,9,1,0,0
2280,2,6,33,12,9,2,0,0
2290,2,6,33,2,9,2,0,0
2300,2,6,33,2,9,1,0,0
2310,2,6,34,12,7,1,0,0
2320,2,6,34,12,8,1,0,0
2330,2,6,34,12,9,1,0,0
3010,3,7,51,2,7,2,0,0
3020,3,7,51,2,8,2,0,0
3030,3,7,52,2,7,2,0,0
3040,3,7,52,2,8,2,0,0
3050,3,7,53,2,7,2,0,0
3060,3,7,53,2,8,2,0,0
4010,4,8,41,15,7,1,0,0
4040,4,8,42,15,7,2,0,0
4050,4,8,42,15,7,1,0,0
4060,4,8,42,15,8,2,0,0
4070,4,8,42,15,8,1,0,0
4080,4,8,42,12,17,1,0,0
4081,4,8,42,12,19,1,0,0
4082,4,8,42,12,21,1,0,0
4090,4,8,42,15,15,2,0,0
4091,4,8,42,15,17,2,0,0
4092,4,8,42,15,19,2,0,0
4093,4,8,42,15,21,2,0,0
4100,4,8,42,15,15,1,0,0
4101,4,8,42,15,17,1,0,0
4102,4,8,42,15,19,1,0,0
4103,4,8,42,15,21,1,0,0
4110,4,8,42,12,17,2,0,0
4111,4,8,42,12,19,2,0,0
4112,4,8,42,12,21,2,0,0
4120,4,8,43,15,7,2,0,0
4130,4,8,43,15,7,1,0,0
4140,4,8,43,15,8,2,0,0
4150,4,8,43,15,8,1,0,0
4160,4,8,43,14,9,2,0,0
4161,4,8,43,14,19,2,0,0
4162,4,8,43,14,21,2,0,0
4170,4,8,43,15,15,2,0,0
4171,4,8,43,15,17,2,0,0
4172,4,8,43,15,19,2,0,0
4173,4,8,43,15,21,2,0,0
4180,4,8,43,14,9,1,0,0
4181,4,8,43,14,19,1,0,0
4182,4,8,43,14,21,1,0,0
4190,4,8,43,15,15,1,0,0
4191,4,8,43,15,17,1,0,0
4192,4,8,43,15,19,1,0,0
4193,4,8,43,15,21,1,0,0
4200,4,8,44,15,7,2,0,0
4210,4,8,44,15,7,1,0,0
4220,4,8,44,15,8,1,0,0
4230,4,8,44,15,8,2,0,0
4240,4,8,44,14,9,1,0,0
4241,4,8,44,14,19,1,0,0
4242,4,8,44,14,21,1,0,0
4250,4,8,44,15,15,1,0,0
4251,4,8,44,15,17,1,0,0
4252,4,8,44,15,19,1,0,0
4253,4,8,44,15,21,1,0,0
4260,4,8,44,14,9,2,0,0
4261,4,8,44,14,19,2,0,0
4262,4,8,44,14,21,2,0,0
4270,4,8,44,15,15,2,0,0
4271,4,8,44,15,17,2,0,0
4272,4,8,44,15,19,2,0,0
4273,4,8,44,15,21,2,0,0
4275,4,8,45,15,7,1,0,0
4280,4,8,45,15,8,2,0,0
4281,4,8,45,15,15,2,0,0
4282,4,8,45,15,17,2,0,0
4283,4,8,45,15,19,2,0,0
4284,4,8,45,15,21,2,0,0
4290,4,8,45,15,8,1,0,0
4291,4,8,45,15,15,1,0,0
4292,4,8,45,15,17,1,0,0
4293,4,8,45,15,19,1,0,0
4294,4,8,45,15,21,1,0,0
4310,4,8,45,14,9,2,0,0
4311,4,8,45,14,19,2,0,0
4312,4,8,45,14,21,2,0,0
4320,4,8,45,14,9,1,0,0
4321,4,8,45,14,19,1,0,0
4322,4,8,45,14,21,1,0,0
5000,1,5,24,1,3,2,0,0
5001,1,5,24,1,4,2,0,0
5002,1,5,24,1,5,2,0,0
5003,1,5,24,1,6,2,0,0
5004,1,5,24,1,14,2,0,0
5005,1,5,24,1,15,2,0,0
5006,1,5,24,1,16,2,0,0
5007,1,5,24,1,17,2,0,0
5008,1,5,24,1,18,2,0,0
5009,1,5,24,1,19,2,0,0
5010,1,5,24,1,20,2,0,0
5011,1,5,24,1,21,2,0,0
5012,1,5,24,2,3,2,0,0
5013,1,5,24,2,4,2,0,0
5014,1,5,24,2,5,2,0,0
5015,1,5,24,2,6,2,0,0
5016,1,5,24,2,14,2,0,0
5017,1,5,24,2,15,2,0,0
5018,1,5,24,2,16,2,0,0
5019,1,5,24,2,17,2,0,0
5020,1,5,24,2,18,2,0,0
5021,1,5,24,2,19,2,0,0
5022,1,5,24,2,20,2,0,0
5023,1,5,24,2,21,2,0,0
5024,1,5,24,2,6,2,1,0
5025,1,5,24,2,14,2,1,0
5026,1,5,24,2,15,2,1,0
5027,1,5,24,2,16,2,1,0
5028,1,5,24,2,17,2,1,0
5029,1,5,24,2,18,2,1,0
5030,1,5,24,2,19,2,1,0
5031,1,5,24,2,20,2,1,0
5032,1,5,24,2,21,2,1,0
5033,1,5,24,2,14,2,2,0
5034,1,5,24,2,15,2,2,0
5035,1,5,24,2,16,2,2,0
5036,1,5,24,2,17,2,2,0
5037,1,5,24,2,18,2,2,0
5038,1,5,24,2,19,2,2,0
5039,1,5,24,2,20,2,2,0
5040,1,5,24,2,21,2,2,0
5041,1,5,24,5,5,2,0,0
5042,1,5,24,5,6,2,0,0
5043,1,5,24,5,14,2,0,0
5044,1,5,24,5,15,2,0,0
5045,1,5,24,5,16,2,0,0
5046,1,5,24,5,17,2,0,0
5047,1,5,24,5,18,2,0,0
5048,1,5,24,5,19,2,0,0
5049,1,5,24,5,20,2,0,0
5050,1,5,24,5,21,2,0,0
5051,1,5,24,7,6,2,0,0
5052,1,5,24,7,14,2,0,0
5053,1,5,24,7,15,2,0,0
5054,1,5,24,7,16,2,0,0
5055,1,5,24,7,17,2,0,0
5056,1,5,24,7,18,2,0,0
5057,1,5,24,7,19,2,0,0
5058,1,5,24,7,20,2,0,0
5059,1,5,24,7,21,2,0,0
5060,1,5,24,8,6,2,0,0
5061,1,5,24,8,14,2,0,0
5062,1,5,24,8,15,2,0,0
5063,1,5,24,8,16,2,0,0
5064,1,5,24,8,17,2,0,0
5065,1,5,24,8,18,2,0,0
5066,1,5,24,8,19,2,0,0
5067,1,5,24,8,20,2,0,0
5068,1,5,24,8,21,2,0,0
5069,1,5,24,10,6,2,0,0
5070,1,5,24,10,14,2,0,0
5071,1,5,24,10,15,2,0,0
5072,1,5,24,10,16,2,0,0
5073,1,5,24,10,17,2,0,0
5074,1,5,24,10,18,2,0,0
5075,1,5,24,10,19,2,0,0
5076,1,5,24,10,20,2,0,0
5077,1,5,24,10,21,2,0,0
5078,1,5,24,12,5,2,0,0
5079,1,5,24,12,6,2,0,0
5080,1,5,24,12,14,2,0,0
5081,1,5,24,12,15,2,0,0
5082,1,5,24,12,16,2,0,0
5083,1,5,24,12,17,2,0,0
5084,1,5,24,12,18,2,0,0
5085,1,5,24,12,19,2,0,0
5086,1,5,24,12,20,2,0,0
5087,1,5,24,12,21,2,0,0
5088,1,5,24,13,13,2,0,0
5089,1,5,24,13,13,2,0,0
5090,1,5,24,13,13,2,0,0
5091,1,5,24,13,13,2,0,0
5092,1,5,24,13,13,2,0,0
5093,1,5,24,13,13,2,0,0
5200,1,5,25,1,3,2,0,0
5201,1,5,25,1,4,2,0,0
5202,1,5,25,1,5,2,0,0
5203,1,5,25,1,6,2,0,0
5204,1,5,25,1,14,2,0,0
5205,1,5,25,1,15,2,0,0
5206,1,5,25,1,16,2,0,0
5207,1,5,25,1,17,2,0,0
5208,1,5,25,1,18,2,0,0
5209,1,5,25,1,19,2,0,0
5210,1,5,25,1,20,2,0,0
5211,1,5,25,1,21,2,0,0
5212,1,5,25,2,3,2,0,0
5213,1,5,25,2,4,2,0,0
5214,1,5,25,2,5,2,0,0
5215,1,5,25,2,6,2,0,0
5216,1,5,25,2,14,2,0,0
5217,1,5,25,2,15,2,0,0
5218,1,5,25,2,16,2,0,0
5219,1,5,25,2,17,2,0,0
5220,1,5,25,2,18,2,0,0
5221,1,5,25,2,19,2,0,0
5222,1,5,25,2,20,2,0,0
5223,1,5,25,2,21,2,0,0
5224,1,5,25,2,6,2,1,0
5225,1,5,25,2,14,2,1,0
5226,1,5,25,2,15,2,1,0
5227,1,5,25,2,16,2,1,0
5228,1,5,25,2,17,2,1,0
5229,1,5,25,2,18,2,1,0
5230,1,5,25,2,19,2,1,0
5231,1,5,25,2,20,2,1,0
5232,1,5,25,2,21,2,1,0
5233,1,5,25,2,14,2,2,0
5234,1,5,25,2,15,2,2,0
5235,1,5,25,2,16,2,2,0
5236,1,5,25,2,17,2,2,0
5237,1,5,25,2,18,2,2,0
5238,1,5,25,2,19,2,2,0
5239,1,5,25,2,20,2,2,0
5240,1,5,25,2,21,2,2,0
5241,1,5,25,5,5,2,0,0
5242,1,5,25,5,6,2,0,0
5243,1,5,25,5,14,2,0,0
5244,1,5,25,5,15,2,0,0
5245,1,5,25,5,16,2,0,0
5246,1,5,25,5,17,2,0,0
5247,1,5,25,5,18,2,0,0
5248,1,5,25,5,19,2,0,0
5249,1,5,25,5,20,2,0,0
5250,1,5,25,5,21,2,0,0
5251,1,5,25,7,6,2,0,0
5252,1,5,25,7,14,2,0,0
5253,1,5,25,7,15,2,0,0
5254,1,5,25,7,16,2,0,0
5255,1,5,25,7,17,2,0,0
5256,1,5,25,7,18,2,0,0
5257,1,5,25,7,19,2,0,0
5258,1,5,25,7,20,2,0,0
5259,1,5,25,7,21,2,0,0
5260,1,5,25,8,6,2,0,0
5261,1,5,25,8,14,2,0,0
5262,1,5,25,8,15,2,0,0
5263,1,5,25,8,16,2,0,0
5264,1,5,25,8,17,2,0,0
5265,1,5,25,8,18,2,0,0
5266,1,5,25,8,19,2,0,0
5267,1,5,25,8,20,2,0,0
5268,1,5,25,8,21,2,0,0
5269,1,5,25,10,6,2,0,0
5270,1,5,25,10,14,2,0,0
5271,1,5,25,10,15,2,0,0
5272,1,5,25,10,16,2,0,0
5273,1,5,25,10,17,2,0,0
5274,1,5,25,10,18,2,0,0
5275,1,5,25,10,19,2,0,0
5276,1,5,25,10,20,2,0,0
5277,1,5,25,10,21,2,0,0
5278,1,5,25,12,5,2,0,0
5279,1,5,25,12,6,2,0,0
5280,1,5,25,12,14,2,0,0
5281,1,5,25,12,15,2,0,0
5282,1,5,25,12,16,2,0,0
5283,1,5,25,12,17,2,0,0
5284,1,5,25,12,18,2,0,0
5285,1,5,25,12,19,2,0,0
5286,1,5,25,12,20,2,0,0
5287,1,5,25,12,21,2,0,0
5288,1,5,25,13,13,2,0,0
5289,1,5,25,13,13,2,0,0
5290,1,5,25,13,13,2,0,0
5291,1,5,25,13,13,2,0,0
5292,1,5,25,13,13,2,0,0
5293,1,5,25,13,13,2,0,0
5400,1,5,26,1,3,2,0,0
5401,1,5,26,1,4,2,0,0
5402,1,5,26,1,5,2,0,0
5403,1,5,26,1,6,2,0,0
5404,1,5,26,1,14,2,0,0
5405,1,5,26,1,15,2,0,0
5406,1,5,26,1,16,2,0,0
5407,1,5,26,1,17,2,0,0
5408,1,5,26,1,18,2,0,0
5409,1,5,26,1,19,2,0,0
5410,1,5,26,1,20,2,0,0
5411,1,5,26,1,21,2,0,0
5412,1,5,26,2,3,2,0,0
5413,1,5,26,2,4,2,0,0
5414,1,5,26,2,5,2,0,0
5415,1,5,26,2,6,2,0,0
5416,1,5,26,2,14,2,0,0
5417,1,5,26,2,15,2,0,0
5418,1,5,26,2,16,2,0,0
5419,1,5,26,2,17,2,0,0
5420,1,5,26,2,18,2,0,0
5421,1,5,26,2,19,2,0,0
5422,1,5,26,2,20,2,0,0
5423,1,5,26,2,21,2,0,0
5424,1,5,26,2,6,2,1,0
5425,1,5,26,2,14,2,1,0
5426,1,5,26,2,15,2,1,0
5427,1,5,26,2,16,2,1,0
5428,1,5,26,2,17,2,1,0
5429,1,5,26,2,18,2,1,0
5430,1,5,26,2,19,2,1,0
5431,1,5,26,2,20,2,1,0
5432,1,5,26,2,21,2,1,0
5433,1,5,26,2,14,2,2,0
5434,1,5,26,2,15,2,2,0
5435,1,5,26,2,16,2,2,0
5436,1,5,26,2,17,2,2,0
5437,1,5,26,2,18,2,2,0
5438,1,5,26,2,19,2,2,0
5439,1,5,26,2,20,2,2,0
5440,1,5,26,2,21,2,2,0
5441,1,5,26,5,5,2,0,0
5442,1,5,26,5,6,2,0,0
5443,1,5,26,5,14,2,0,0
5444,1,5,26,5,15,2,0,0
5445,1,5,26,5,16,2,0,0
5446,1,5,26,5,17,2,0,0
5447,1,5,26,5,18,2,0,0
5448,1,5,26,5,19,2,0,0
5449,1,5,26,5,20,2,0,0
5450,1,5,26,5,21,2,0,0
5451,1,5,26,7,6,2,0,0
5452,1,5,26,7,14,2,0,0
5453,1,5,26,7,15,2,0,0
5454,1,5,26,7,16,2,0,0
5455,1,5,26,7,17,2,0,0
5456,1,5,26,7,18,2,0,0
5457,1,5,26,7,19,2,0,0
5458,1,5,26,7,20,2,0,0
5459,1,5,26,7,21,2,0,0
5460,1,5,26,8,6,2,0,0
5461,1,5,26,8,14,2,0,0
5462,1,5,26,8,15,2,0,0
5463,1,5,26,8,16,2,0,0
5464,1,5,26,8,17,2,0,0
5465,1,5,26,8,18,2,0,0
5466,1,5,26,8,19,2,0,0
5467,1,5,26,8,20,2,0,0
5468,1,5,26,8,21,2,0,0
5469,1,5,26,10,6,2,0,0
5470,1,5,26,10,14,2,0,0
5471,1,5,26,10,15,2,0,0
5472,1,5,26,10,16,2,0,0
5473,1,5,26,10,17,2,0,0
5474,1,5,26,10,18,2,0,0
5475,1,5,26,10,19,2,0,0
5476,1,5,26,10,20,2,0,0
5477,1,5,26,10,21,2,0,0
5478,1,5,26,12,5,2,0,0
5479,1,5,26,12,6,2,0,0
5480,1,5,26,12,14,2,0,0
5481,1,5,26,12,15,2,0,0
5482,1,5,26,12,16,2,0,0
5483,1,5,26,12,17,2,0,0
5484,1,5,26,12,18,2,0,0
5485,1,5,26,12,19,2,0,0
5486,1,5,26,12,20,2,0,0
5487,1,5,26,12,21,2,0,0
5488,1,5,26,13,13,2,0,0
5489,1,5,26,13,13,2,0,0
5490,1,5,26,13,13,2,0,0
5491,1,5,26,13,13,2,0,0
5492,1,5,26,13,13,2,0,0
5493,1,5,26,13,13,2,0,0
5600,1,5,27,1,3,2,0,0
5601,1,5,27,1,4,2,0,0
5602,1,5,27,1,5,2,0,0
5603,1,5,27,1,6,2,0,0
5604,1,5,27,1,14,2,0,0
5605,1,5,27,1,15,2,0,0
5606,1,5,27,1,16,2,0,0
5607,1,5,27,1,17,2,0,0
5608,1,5,27,1,18,2,0,0
5609,1,5,27,1,19,2,0,0
5610,1,5,27,1,20,2,0,0
5611,1,5,27,1,21,2,0,0
5612,1,5,27,2,3,2,0,0
5613,1,5,27,2,4,2,0,0
5614,1,5,27,2,5,2,0,0
5615,1,5,27,2,6,2,0,0
5616,1,5,27,2,14,2,0,0
5617,1,5,27,2,15,2,0,0
5618,1,5,27,2,16,2,0,0
5619,1,5,27,2,17,2,0,0
5620,1,5,27,2,18,2,0,0
5621,1,5,27,2,19,2,0,0
5622,1,5,27,2,20,2,0,0
5623,1,5,27,2,21,2,0,0
5624,1,5,27,2,6,2,1,0
5625,1,5,27,2,14,2,1,0
5626,1,5,27,2,15,2,1,0
5627,1,5,27,2,16,2,1,0
5628,1,5,27,2,17,2,1,0
5629,1,5,27,2,18,2,1,0
5630,1,5,27,2,19,2,1,0
5631,1,5,27,2,20,2,1,0
5632,1,5,27,2,21,2,1,0
5633,1,5,27,2,14,2,2,0
5634,1,5,27,2,15,2,2,0
5635,1,5,27,2,16,2,2,0
5636,1,5,27,2,17,2,2,0
5637,1,5,27,2,18,2,2,0
5638,1,5,27,2,19,2,2,0
5639,1,5,27,2,20,2,2,0
5640,1,5,27,2,21,2,2,0
5641,1,5,27,5,5,2,0,0
5642,1,5,27,5,6,2,0,0
5643,1,5,27,5,14,2,0,0
5644,1,5,27,5,15,2,0,0
5645,1,5,27,5,16,2,0,0
5646,1,5,27,5,17,2,0,0
5647,1,5,27,5,18,2,0,0
5648,1,5,27,5,19,2,0,0
5649,1,5,27,5,20,2,0,0
5650,1,5,27,5,21,2,0,0
5651,1,5,27,7,6,2,0,0
5652,1,5,27,7,14,2,0,0
5653,1,5,27,7,15,2,0,0
5654,1,5,27,7,16,2,0,0
5655,1,5,27,7,17,2,0,0
5656,1,5,27,7,18,2,0,0
5657,1,5,27,7,19,2,0,0
5658,1,5,27,7,20,2,0,0
5659,1,5,27,7,21,2,0,0
5660,1,5,27,8,6,2,0,0
5661,1,5,27,8,14,2,0,0
5662,1,5,27,8,15,2,0,0
5663,1,5,27,8,16,2,0,0
5664,1,5,27,8,17,2,0,0
5665,1,5,27,8,18,2,0,0
5666,1,5,27,8,19,2,0,0
5667,1,5,27,8,20,2,0,0
5668,1,5,27,8,21,2,0,0
5669,1,5,27,10,6,2,0,0
5670,1,5,27,10,14,2,0,0
5671,1,5,27,10,15,2,0,0
5672,1,5,27,10,16,2,0,0
5673,1,5,27,10,17,2,0,0
5674,1,5,27,10,18,2,0,0
5675,1,5,27,10,19,2,0,0
5676,1,5,27,10,20,2,0,0
5677,1,5,27,10,21,2,0,0
5678,1,5,27,12,5,2,0,0
5679,1,5,27,12,6,2,0,0
5680,1,5,27,12,14,2,0,0
5681,1,5,27,12,15,2,0,0
5682,1,5,27,12,16,2,0,0
5683,1,5,27,12,17,2,0,0
5684,1,5,27,12,18,2,0,0
5685,1,5,27,12,19,2,0,0
5686,1,5,27,12,20,2,0,0
5687,1,5,27,12,21,2,0,0
5688,1,5,27,13,13,2,0,0
5689,1,5,27,13,13,2,0,0
5690,1,5,27,13,13,2,0,0
5691,1,5,27,13,13,2,0,0
5692,1,5,27,13,13,2,0,0
5693,1,5,27,13,13,2,0,0
5800,1,5,28,1,3,2,0,0
5801,1,5,28,1,4,2,0,0
5802,1,5,28,1,5,2,0,0
5803,1,5,28,1,6,2,0,0
5804,1,5,28,1,14,2,0,0
5805,1,5,28,1,15,2,0,0
5806,1,5,28,1,16,2,0,0
5807,1,5,28,1,17,2,0,0
5808,1,5,28,1,18,2,0,0
5809,1,5,28,1,19,2,0,0
5810,1,5,28,1,20,2,0,0
5811,1,5,28,1,21,2,0,0
5812,1,5,28,2,3,2,0,0
5813,1,5,28,2,4,2,0,0
5814,1,5,28,2,5,2,0,0
5815,1,5,28,2,6,2,0,0
5816,1,5,28,2,14,2,0,0
5817,1,5,28,2,15,2,0,0
5818,1,5,28,2,16,2,0,0
5819,1,5,28,2,17,2,0,0
5820,1,5,28,2,18,2,0,0
5821,1,5,28,2,19,2,0,0
5822,1,5,28,2,20,2,0,0
5823,1,5,28,2,21,2,0,0
5824,1,5,28,2,6,2,1,0
5825,1,5,28,2,14,2,1,0
5826,1,5,28,2,15,2,1,0
5827,1,5,28,2,16,2,1,0
5828,1,5,28,2,17,2,1,0
5829,1,5,28,2,18,2,1,0
5830,1,5,28,2,19,2,1,0
5831,1,5,28,2,20,2,1,0
5832,1,5,28,2,21,2,1,0
5833,1,5,28,2,14,2,2,0
5834,1,5,28,2,15,2,2,0
5835,1,5,28,2,16,2,2,0
5836,1,5,28,2,17,2,2,0
5837,1,5,28,2,18,2,2,0
5838,1,5,28,2,19,2,2,0
5839,1,5,28,2,20,2,2,0
5840,1,5,28,2,21,2,2,0
5841,1,5,28,5,5,2,0,0
5842,1,5,28,5,6,2,0,0
5843,1,5,28,5,14,2,0,0
5844,1,5,28,5,15,2,0,0
5845,1,5,28,5,16,2,0,0
5846,1,5,28,5,17,2,0,0
5847,1,5,28,5,18,2,0,0
5848,1,5,28,5,19,2,0,0
5849,1,5,28,5,20,2,0,0
5850,1,5,28,5,21,2,0,0
5851,1,5,28,7,6,2,0,0
5852,1,5,28,7,14,2,0,0
5853,1,5,28,7,15,2,0,0
5854,1,5,28,7,16,2,0,0
5855,1,5,28,7,17,2,0,0
5856,1,5,28,7,18,2,0,0
5857,1,5,28,7,19,2,0,0
5858,1,5,28,7,20,2,0,0
5859,1,5,28,7,21,2,0,0
5860,1,5,28,8,6,2,0,0
5861,1,5,28,8,14,2,0,0
5862,1,5,28,8,15,2,0,0
5863,1,5,28,8,16,2,0,0
5864,1,5,28,8,17,2,0,0
5865,1,5,28,8,18,2,0,0
5866,1,5,28,8,19,2,0,0
5867,1,5,28,8,20,2,0,0
5868,1,5,28,8,21,2,0,0
5869,1,5,28,10,6,2,0,0
5870,1,5,28,10,14,2,0,0
5871,1,5,28,10,15,2,0,0
5872,1,5,28,10,16,2,0,0
5873,1,5,28,10,17,2,0,0
5874,1,5,28,10,18,2,0,0
5875,1,5,28,10,19,2,0,0
5876,1,5,28,10,20,2,0,0
5877,1,5,28,10,21,2,0,0
5878,1,5,28,12,5,2,0,0
5879,1,5,28,12,6,2,0,0
5880,1,5,28,12,14,2,0,0
5881,1,5,28,12,15,2,0,0
5882,1,5,28,12,16,2,0,0
5883,1,5,28,12,17,2,0,0
5884,1,5,28,12,18,2,0,0
5885,1,5,28,12,19,2,0,0
5886,1,5,28,12,20,2,0,0
5887,1,5,28,12,21,2,0,0
5888,1,5,28,13,13,2,0,0
5889,1,5,28,13,13,2,0,0
5890,1,5,28,13,13,2,0,0
5891,1,5,28,13,13,2,0,0
5892,1,5,28,13,13,2,0,0
5893,1,5,28,13,13,2,0,0
9070,1,3,1,1,1,1,0,1
9080,1,3,1,1,14,1,0,1
9081,1,3,1,1,15,1,0,1
9082,1,3,1,1,16,1,0,1
9083,1,3,1,1,17,1,0,1
9084,1,3,1,1,18,1,0,1
9085,1,3,1,1,19,1,0,1
9086,1,3,1,1,20,1,0,1
9087,1,3,1,1,21,1,0,1
9090,1,3,1,1,3,1,0,1
9091,1,3,1,1,14,1,2,1
9092,1,3,1,1,15,1,2,1
9093,1,3,1,1,16,1,2,1
9094,1,3,1,1,17,1,2,1
9095,1,3,1,1,18,1,2,1
9096,1,3,1,1,19,1,2,1
9097,1,3,1,1,20,1,2,1
9098,1,3,1,1,21,1,2,1
9100,1,3,1,1,4,1,0,1
9110,1,3,1,1,5,1,0,1
9120,1,3,1,1,6,1,0,1
9130,1,3,2,1,1,1,0,1
9140,1,3,2,1,14,1,0,1
9150,1,3,2,1,3,1,0,1
9160,1,3,2,1,4,1,0,1
9161,1,3,2,1,14,1,2,1
9162,1,3,2,1,15,1,2,1
9163,1,3,2,1,16,1,2,1
9164,1,3,2,1,17,1,2,1
9165,1,3,2,1,18,1,2,1
9166,1,3,2,1,19,1,2,1
9167,1,3,2,1,20,1,2,1
9168,1,3,2,1,21,1,2,1
9170,1,3,2,1,5,1,0,1
9171,1,3,2,1,15,1,0,1
9172,1,3,2,1,16,1,0,1
9173,1,3,2,1,17,1,0,1
9174,1,3,2,1,18,1,0,1
9175,1,3,2,1,19,1,0,1
9176,1,3,2,1,20,1,0,1
9177,1,3,2,1,21,1,0,1
9181,1,3,2,1,6,1,0,1
9190,1,3,3,1,1,1,0,1
9191,1,3,3,1,14,1,2,1
9192,1,3,3,1,15,1,2,1
9193,1,3,3,1,16,1,2,1
9194,1,3,3,1,17,1,2,1
9195,1,3,3,1,18,1,2,1
9196,1,3,3,1,19,1,2,1
9197,1,3,3,1,20,1,2,1
9198,1,3,3,1,21,1,2,1
9200,1,3,3,1,14,1,0,1
9201,1,3,3,1,16,1,0,1
9202,1,3,3,1,17,1,0,1
9203,1,3,3,1,18,1,0,1
9204,1,3,3,1,19,1,0,1
9205,1,3,3,1,20,1,0,1
9206,1,3,3,1,21,1,0,1
9210,1,3,3,1,3,1,0,1
9220,1,3,3,1,4,1,0,1
9230,1,3,3,1,5,1,0,1
9240,1,3,3,1,6,1,0,1
9245,1,3,3,1,15,1,0,1
9250,1,3,2,2,1,1,0,1
9251,1,3,2,2,15,1,0,1
9252,1,3,2,2,16,1,0,1
9253,1,3,2,2,17,1,0,1
9254,1,3,2,2,18,1,0,1
9255,1,3,2,2,19,1,0,1
9256,1,3,2,2,20,1,0,1
9257,1,3,2,2,21,1,0,1
9260,1,3,2,2,14,1,0,1
9261,1,3,2,8,7,1,0,1
9265,1,3,1,2,14,1,0,1
9266,1,3,1,2,15,1,0,1
9267,1,3,1,2,16,1,0,1
9268,1,3,1,2,17,1,0,1
9269,1,3,1,2,18,1,0,1
9270,1,3,2,2,3,1,0,1
9271,1,3,1,2,19,1,0,1
9272,1,3,1,2,20,1,0,1
9273,1,3,1,2,21,1,0,1
9275,1,3,1,12,6,1,0,1
9276,1,3,1,12,14,1,0,1
9277,1,3,1,13,13,1,0,1
9278,1,3,1,13,13,1,0,1
9280,1,3,2,2,4,1,0,1
9290,1,3,2,2,5,1,0,1
9291,1,3,2,8,8,1,0,1
9292,1,3,2,8,9,1,0,1
9295,1,3,1,2,5,1,0,1
9300,1,3,2,2,6,1,0,1
9302,1,3,2,1,6,1,1,1
9305,1,3,1,2,6,1,0,1
9310,1,3,3,2,1,1,0,1
9320,1,3,2,1,14,1,1,1
9321,1,3,2,1,15,1,1,1
9322,1,3,2,1,16,1,1,1
9323,1,3,2,1,17,1,1,1
9324,1,3,2,1,18,1,1,1
9325,1,3,2,1,19,1,1,1
9326,1,3,2,1,20,1,1,1
9327,1,3,2,1,21,1,1,1
9330,1,3,3,2,3,1,0,1
9340,1,3,3,2,4,1,0,1
9350,1,3,3,2,5,1,0,1
9351,1,3,3,8,7,1,0,1
9360,1,3,3,2,6,1,0,1
9361,1,3,3,8,8,1,0,1
9362,1,3,3,1,6,1,1,1
9363,1,3,3,2,14,1,0,1
9364,1,3,1,12,15,1,0,1
9365,1,3,3,13,13,1,0,1
9366,1,3,3,2,15,1,0,1
9367,1,3,3,2,16,1,0,1
9368,1,3,3,2,17,1,0,1
9369,1,3,3,2,18,1,0,1
9370,1,3,3,2,19,1,0,1
9371,1,3,3,2,20,1,0,1
9372,1,3,3,2,21,1,0,1
9373,1,3,3,8,9,1,0,1
9375,1,3,1,12,16,1,0,1
9376,1,3,3,13,13,1,0,1
9377,1,3,1,12,17,1,0,1
9378,1,3,2,13,13,1,0,1
9380,1,3,1,12,18,1,0,1
9381,1,3,1,12,19,1,0,1
9385,1,3,3,7,6,1,0,1
9386,1,3,3,7,14,1,0,1
9387,1,3,3,7,15,1,0,1
9388,1,3,3,7,16,1,0,1
9389,1,3,3,7,17,1,0,1
9390,1,3,3,7,18,1,0,1
9391,1,3,3,7,19,1,0,1
9392,1,3,3,7,20,1,0,1
9393,1,3,3,7,21,1,0,1
9400,1,3,3,1,14,1,1,1
9401,1,3,3,1,15,1,1,1
9402,1,3,3,1,16,1,1,1
9403,1,3,3,1,17,1,1,1
9404,1,3,3,1,18,1,1,1
9405,1,3,3,1,19,1,1,1
9406,1,3,3,1,20,1,1,1
9407,1,3,3,1,21,1,1,1
9410,1,3,2,7,6,1,0,1
9411,1,3,2,7,14,1,0,1
9412,1,3,2,7,15,1,0,1
9413,1,3,2,7,16,1,0,1
9414,1,3,2,7,17,1,0,1
9415,1,3,2,7,18,1,0,1
9416,1,3,2,7,19,1,0,1
9417,1,3,2,7,20,1,0,1
9418,1,3,2,7,21,1,0,1
9420,1,3,3,14,14,1,0,1
9421,1,3,3,14,15,1,0,1
9422,1,3,3,14,16,1,0,1
9423,1,3,3,14,17,1,0,1
9424,1,3,3,14,18,1,0,1
9425,1,3,3,14,20,1,0,1
9430,1,3,2,5,4,1,0,1
9431,1,3,2,5,5,1,0,1
9432,1,3,2,5,6,1,0,1
9433,1,3,2,5,14,1,0,1
9434,1,3,2,5,15,1,0,1
9435,1,3,2,5,16,1,0,1
9436,1,3,2,5,17,1,0,1
9437,1,3,2,5,18,1,0,1
9438,1,3,2,5,19,1,0,1
9439,1,3,2,5,20,1,0,1
9440,1,3,2,5,21,1,0,1
9441,1,3,3,5,4,1,0,1
9442,1,3,3,5,5,1,0,1
9443,1,3,3,5,6,1,0,1
9444,1,3,3,5,14,1,0,1
9445,1,3,3,5,15,1,0,1
9446,1,3,3,5,16,1,0,1
9447,1,3,3,5,17,1,0,1
9448,1,3,3,5,18,1,0,1
9449,1,3,3,5,19,1,0,1
9450,1,3,3,5,20,1,0,1
9451,1,3,3,5,21,1,0,1
9460,1,3,2,2,6,1,1,1
9461,1,3,2,2,14,1,1,1
9462,1,3,2,2,15,1,1,1
9463,1,3,2,2,16,1,1,1
9464,1,3,2,2,17,1,1,1
9465,1,3,2,2,18,1,1,1
9466,1,3,2,2,19,1,1,1
9467,1,3,2,2,20,1,1,1
9468,1,3,2,2,21,1,1,1
9470,1,3,3,2,6,1,1,1
9471,1,3,3,2,14,1,1,1
9472,1,3,3,2,15,1,1,1
9473,1,3,3,2,16,1,1,1
9474,1,3,3,2,17,1,1,1
9475,1,3,3,2,18,1,1,1
9476,1,3,3,2,19,1,1,1
9477,1,3,3,2,20,1,1,1
9478,1,3,3,2,21,1,1,1
9480,1,3,2,12,5,1,0,1
9510,1,3,2,12,6,1,0,1
9515,1,3,2,12,14,1,0,1
9520,1,3,1,10,6,1,0,1
9521,1,3,1,10,14,1,0,1
9522,1,3,1,10,15,1,0,1
9523,1,3,1,10,16,1,0,1
9524,1,3,1,10,17,1,0,1
9525,1,3,1,10,18,1,0,1
9526,1,3,1,10,19,1,0,1
9527,1,3,1,10,20,1,0,1
9528,1,3,1,10,21,1,0,1
9530,1,3,2,10,6,1,0,1
9531,1,3,2,10,14,1,0,1
9532,1,3,2,10,15,1,0,1
9533,1,3,2,10,16,1,0,1
9534,1,3,2,10,17,1,0,1
9535,1,3,2,10,18,1,0,1
9536,1,3,2,10,19,1,0,1
9537,1,3,2,10,20,1,0,1
9538,1,3,2,10,21,1,0,1
9540,1,3,3,10,6,1,0,1
9541,1,3,3,10,14,1,0,1
9542,1,3,3,10,15,1,0,1
9543,1,3,3,10,16,1,0,1
9544,1,3,3,10,17,1,0,1
9545,1,3,3,10,18,1,0,1
9546,1,3,3,10,19,1,0,1
9547,1,3,3,10,20,1,0,1
9548,1,3,3,10,21,1,0,1
9550,1,3,1,5,6,1,0,1
9551,1,3,1,5,14,1,0,1
9552,1,3,1,5,15,1,0,1
9553,1,3,1,5,16,1,0,1
9554,1,3,1,5,17,1,0,1
9555,1,3,1,5,18,1,0,1
9556,1,3,1,5,19,1,0,1
9557,1,3,1,5,20,1,0,1
9558,1,3,1,5,21,1,0,1
9580,1,3,1,12,20,1,0,1
9590,1,3,1,12,3,1,0,1
9600,1,3,1,12,4,1,0,1
9610,1,3,1,12,5,1,0,1
9611,1,3,2,2,14,1,2,1
9612,1,3,2,2,15,1,2,1
9613,1,3,2,2,16,1,2,1
9614,1,3,2,2,17,1,2,1
9615,1,3,2,2,18,1,2,1
9616,1,3,2,2,19,1,2,1
9617,1,3,2,2,20,1,2,1
9618,1,3,2,2,21,1,2,1
9620,1,3,1,1,14,1,1,1
9621,1,3,1,1,15,1,1,1
9622,1,3,1,1,16,1,1,1
9623,1,3,1,1,17,1,1,1
9624,1,3,1,1,18,1,1,1
9625,1,3,1,1,19,1,1,1
9626,1,3,1,1,20,1,1,1
9627,1,3,1,1,21,1,1,1
9631,1,3,3,2,14,1,2,1
9632,1,3,3,2,15,1,2,1
9633,1,3,3,2,16,1,2,1
9634,1,3,3,2,17,1,2,1
9635,1,3,3,2,18,1,2,1
9636,1,3,3,2,19,1,2,1
9637,1,3,3,2,20,1,2,1
9638,1,3,3,2,21,1,2,1
9641,1,3,3,12,14,1,0,1
9642,1,3,3,12,15,1,0,1
9643,1,3,3,12,16,1,0,1
9644,1,3,3,12,17,1,0,1
9645,1,3,3,12,18,1,0,1
9646,1,3,3,12,19,1,0,1
9647,1,3,3,12,20,1,0,1
9648,1,3,3,12,21,1,0,1
9855,1,3,1,12,21,1,0,1
9856,1,3,2,13,13,1,0,1
10702,1,3,2,12,15,1,0,1
10703,1,3,2,12,16,1,0,1
10704,1,3,2,12,17,1,0,1
10705,1,3,2,12,18,1,0,1
10706,1,3,2,12,19,1,0,1
10707,1,3,2,12,20,1,0,1
10708,1,3,2,12,21,1,0,1
